1,3,02/02/2021,02/03/2021,3/3/2021,16,,476
2,5,04/12/2021,04/13/2021,5/13/2021,5,,651
2,29,01/03/2021,01/04/2021,2/4/2021,33,2/4/2021,290
3,27,03/16/2021,03/17/2021,4/17/2021,40,,483
3,28,05/22/2021,05/23/2021,6/23/2021,27,,230
4,11,09/24/2020,09/25/2020,10/25/2020,35,,485
5,14,04/13/2020,04/14/2020,5/14/2020,27,,85
5,14,05/06/2020,05/07/2020,6/7/2020,42,,85
5,20,05/15/2020,05/16/2020,6/16/2020,47,,297
5,26,05/21/2020,05/22/2020,6/22/2020,5,,407
5,30,05/08/2020,05/09/2020,6/9/2020,47,,351
7,4,11/08/2020,11/09/2020,12/9/2020,3,,360
7,13,08/28/2020,08/29/2020,9/29/2020,21,,611
7,14,08/07/2020,08/08/2020,9/8/2020,45,,85
7,16,01/05/2020,01/06/2020,2/6/2020,36,,194
7,17,08/29/2020,08/30/2020,9/30/2020,13,,253
7,24,03/09/2021,03/10/2021,4/10/2021,47,,355
9,3,05/16/2020,05/17/2020,6/17/2020,34,,476
9,13,07/31/2020,08/01/2020,9/1/2020,47,,611
10,8,05/17/2021,05/18/2021,6/18/2021,26,,401
10,13,05/17/2021,05/18/2021,6/18/2021,6,,611
11,17,08/14/2020,08/15/2020,9/15/2020,25,,253
11,20,02/14/2021,02/15/2021,3/15/2021,25,,297
13,10,01/29/2021,01/30/2021,2/28/2021,11,,725
13,13,02/20/2020,02/21/2020,3/21/2020,32,,611
13,27,02/02/2021,02/03/2021,3/3/2021,20,,483
14,7,02/21/2020,02/22/2020,3/22/2020,38,,456
14,12,06/06/2020,06/07/2020,7/7/2020,39,,550
15,8,02/05/2021,02/06/2021,3/6/2021,9,,401
15,14,05/18/2020,05/19/2020,6/19/2020,35,,85
15,16,09/19/2020,09/20/2020,10/20/2020,17,,194
15,27,05/30/2020,05/31/2020,6/30/2020,27,,483
16,16,09/02/2020,09/03/2020,10/3/2020,20,,194
16,20,03/20/2020,03/21/2020,4/21/2020,10,,297
17,10,12/17/2020,12/18/2020,1/18/2021,50,,725
17,14,03/05/2021,03/06/2021,4/6/2021,15,,85
18,8,08/12/2020,08/13/2020,9/13/2020,45,,401
18,10,02/23/2021,02/24/2021,3/24/2021,17,,725
18,15,04/30/2021,05/01/2021,6/1/2021,22,,177
19,29,05/21/2020,05/22/2020,6/22/2020,30,,290
20,5,06/08/2020,06/09/2020,7/9/2020,15,,651
21,11,01/19/2021,01/20/2021,2/20/2021,30,,485
21,12,01/12/2021,01/13/2021,2/13/2021,6,,550
21,19,10/08/2020,10/09/2020,11/9/2020,4,,297
23,1,03/03/2020,03/04/2020,4/4/2020,16,,300
23,11,01/18/2021,01/19/2021,2/19/2021,50,,485
23,17,02/03/2021,02/04/2021,3/4/2021,38,,253
23,21,08/13/2020,08/14/2020,9/14/2020,13,,314
23,25,01/28/2020,01/29/2020,2/29/2020,23,,390
24,29,02/10/2021,02/11/2021,3/11/2021,28,,290
24,29,10/23/2020,10/24/2020,11/24/2020,10,,290
25,9,03/15/2021,03/16/2021,4/16/2021,39,,550
25,9,05/14/2021,05/15/2021,6/15/2021,35,6/15/2021,550
25,28,07/19/2020,07/20/2020,8/20/2020,34,,230
25,28,07/19/2020,07/20/2020,8/20/2020,33,,230
26,23,08/29/2020,08/30/2020,9/30/2020,14,,338
27,8,10/18/2020,10/19/2020,11/19/2020,4,,401
27,9,12/31/2020,1/1/2021,2/1/2021,50,,550
27,24,09/30/2020,10/01/2020,11/1/2020,46,,355
27,26,06/01/2020,06/02/2020,7/2/2020,18,,407
28,3,03/31/2021,04/01/2021,5/1/2021,29,,476
28,6,08/19/2020,08/20/2020,9/20/2020,37,,425
29,6,05/21/2020,05/22/2020,6/22/2020,42,,425
29,10,09/13/2020,09/14/2020,10/14/2020,41,,725
29,22,03/05/2021,03/06/2021,4/6/2021,25,,314
30,6,02/21/2021,02/22/2021,3/22/2021,14,,425
30,7,12/04/2020,12/05/2020,1/5/2021,21,,456
30,20,02/19/2020,02/20/2020,3/20/2020,22,,297
31,14,01/31/2020,02/01/2020,3/1/2020,9,,85
31,22,01/21/2020,01/22/2020,2/22/2020,23,,314
31,24,08/10/2020,08/11/2020,9/11/2020,25,,355
31,29,01/16/2021,01/17/2021,2/17/2021,11,,290
32,2,01/24/2020,01/25/2020,2/25/2020,30,,331
32,2,01/15/2021,01/16/2021,2/16/2021,2,,331
33,17,05/19/2021,05/20/2021,6/20/2021,21,,253
33,17,08/30/2020,08/31/2020,9/30/2020,28,,253
33,20,03/22/2021,03/23/2021,4/23/2021,37,,297
33,28,01/02/2021,01/03/2021,2/3/2021,14,,230
34,4,02/13/2020,02/14/2020,3/14/2020,40,,360
34,11,01/11/2021,01/12/2021,2/12/2021,30,,485
34,12,08/12/2020,08/13/2020,9/13/2020,4,9/13/2020,550
34,22,04/30/2020,05/01/2020,6/1/2020,37,,314
35,10,05/30/2021,05/31/2021,6/30/2021,42,,725
35,24,11/02/2020,11/03/2020,12/3/2020,5,,355
35,27,06/26/2020,06/27/2020,7/27/2020,41,,483
36,3,05/16/2021,05/17/2021,6/17/2021,6,,476
36,17,11/22/2020,11/23/2020,12/23/2020,12,,253
36,19,08/29/2020,08/30/2020,9/30/2020,34,,297
36,24,03/02/2021,03/03/2021,4/3/2021,30,,355
37,3,01/23/2021,01/24/2021,2/24/2021,21,,476
37,14,01/24/2021,01/25/2021,2/25/2021,24,,85
38,6,02/18/2020,02/19/2020,3/19/2020,31,,425
38,30,04/18/2021,04/19/2021,5/19/2021,36,,351
39,7,05/08/2021,05/09/2021,6/9/2021,8,,456
39,23,11/03/2020,11/04/2020,12/4/2020,27,,338
39,29,01/27/2021,01/28/2021,2/28/2021,29,,290
40,12,06/10/2020,06/11/2020,7/11/2020,2,,550
40,17,03/23/2021,03/24/2021,4/24/2021,44,,253
40,26,04/29/2021,04/30/2021,5/30/2021,40,,407
40,30,05/27/2020,05/28/2020,6/28/2020,27,,351
41,5,04/15/2021,04/16/2021,5/16/2021,41,,651
41,14,04/06/2020,04/07/2020,5/7/2020,29,,85
41,19,03/27/2020,03/28/2020,4/28/2020,2,,297
41,21,12/23/2020,12/24/2020,1/24/2021,50,,314
42,4,01/17/2021,01/18/2021,3/18/2021,11,,360
42,20,02/25/2021,02/26/2021,4/26/2021,38,,297
44,6,10/28/2020,10/29/2020,12/29/2020,20,,425
44,14,07/22/2020,07/23/2020,8/23/2020,44,,85
44,25,12/23/2020,12/24/2020,1/24/2021,23,,390
44,25,04/10/2021,04/11/2021,5/11/2021,39,,390
45,3,12/05/2020,12/06/2020,2/6/2021,27,,476
45,6,01/29/2020,01/30/2020,3/30/2020,14,,425
45,15,05/14/2020,05/15/2020,6/15/2020,11,,177
45,27,04/20/2021,04/21/2021,5/21/2021,13,,483
46,7,11/08/2020,11/09/2020,12/9/2020,21,,456
46,18,04/02/2020,04/03/2020,6/3/2020,38,,270
46,29,07/02/2020,07/03/2020,8/3/2020,34,,290
47,20,05/06/2021,05/07/2021,6/7/2021,16,,297
47,26,05/02/2020,05/03/2020,6/3/2020,28,,407
48,21,04/09/2020,04/10/2020,6/10/2020,40,,314
49,11,02/16/2021,02/17/2021,3/17/2021,38,3/17/2021,485
49,12,03/13/2020,03/14/2020,4/14/2020,33,,550
49,14,01/14/2021,01/15/2021,3/15/2021,34,,85
49,16,08/16/2020,08/17/2020,10/17/2020,24,,194
50,15,05/27/2020,05/28/2020,7/28/2020,47,,177
51,10,04/26/2020,04/27/2020,6/27/2020,6,5/27/2020,725
51,27,02/11/2021,02/12/2021,4/12/2021,19,,483
52,12,02/24/2020,02/25/2020,3/25/2020,27,,550
52,12,04/02/2021,04/03/2021,5/3/2021,49,,550
53,1,05/26/2021,05/27/2021,6/27/2021,9,,300
53,1,06/23/2020,06/24/2020,7/24/2020,1,,300
53,20,01/16/2021,01/17/2021,2/17/2021,7,,297
53,27,03/27/2021,03/28/2021,4/28/2021,16,,483
54,9,03/29/2021,03/30/2021,5/30/2021,29,,550
54,16,03/02/2020,03/03/2020,4/3/2020,4,,194
54,16,10/25/2020,10/26/2020,12/26/2020,10,,194
54,19,02/27/2020,02/28/2020,4/28/2020,45,,297
54,23,06/25/2020,06/26/2020,7/26/2020,49,,338
55,5,02/02/2021,02/03/2021,4/3/2021,5,,651
55,15,03/23/2020,03/24/2020,4/24/2020,5,,177
55,19,02/07/2020,02/08/2020,4/8/2020,27,,297
56,21,03/19/2020,03/20/2020,5/20/2020,32,,314
57,9,11/17/2020,11/18/2020,1/18/2021,3,,550
58,8,12/24/2020,12/25/2020,2/25/2021,42,,401
58,14,03/28/2021,03/29/2021,5/29/2021,4,,85
59,20,10/09/2020,10/10/2020,12/10/2020,10,,297
59,23,08/06/2020,08/07/2020,10/7/2020,46,,338
60,12,04/23/2021,04/24/2021,5/24/2021,6,,550
60,17,05/04/2021,05/05/2021,7/5/2021,5,,253
60,28,03/21/2021,03/22/2021,5/22/2021,12,,230
61,6,02/26/2021,02/27/2021,3/27/2021,14,,425
61,14,04/05/2021,04/06/2021,6/6/2021,29,,85
61,15,11/28/2020,11/29/2020,12/29/2020,23,,177
61,17,02/15/2021,02/16/2021,4/16/2021,25,,253
61,21,04/02/2021,04/03/2021,5/3/2021,17,,314
61,25,03/21/2020,03/22/2020,4/22/2020,14,,390
62,2,01/30/2020,01/31/2020,2/29/2020,10,,331
62,11,02/02/2021,02/03/2021,4/3/2021,34,,485
63,15,06/21/2020,06/22/2020,7/22/2020,10,,177
63,26,02/04/2020,02/05/2020,4/5/2020,5,,407
64,20,05/16/2021,05/17/2021,6/17/2021,39,,297
67,3,01/11/2020,01/12/2020,3/12/2020,30,,476
67,12,04/10/2021,04/11/2021,6/11/2021,16,,550
67,13,08/02/2020,08/03/2020,10/3/2020,34,,611
67,17,03/30/2020,03/31/2020,4/30/2020,36,,253
68,2,02/28/2020,02/29/2020,3/29/2020,42,,331
68,12,03/10/2020,03/11/2020,4/11/2020,7,,550
68,14,04/18/2021,04/19/2021,5/19/2021,6,,85
68,21,03/09/2020,03/10/2020,4/10/2020,48,,314
69,1,05/27/2020,05/28/2020,7/28/2020,13,,300
69,9,07/23/2020,07/24/2020,8/24/2020,17,,550
69,15,02/27/2020,02/28/2020,3/28/2020,29,,177
69,19,02/02/2020,02/03/2020,3/3/2020,29,,297
70,21,12/20/2020,12/21/2020,2/21/2021,8,,314
71,15,04/17/2020,04/18/2020,5/18/2020,2,,177
72,13,02/15/2021,02/16/2021,4/16/2021,17,,611
72,28,11/03/2020,11/04/2020,12/4/2020,5,,230
73,4,02/15/2020,02/16/2020,3/16/2020,7,,360
73,23,01/07/2021,01/08/2021,3/8/2021,48,,338
74,5,02/22/2020,02/23/2020,3/23/2020,11,,651
75,3,01/25/2020,01/26/2020,2/26/2020,2,,476
75,25,01/06/2021,01/07/2021,3/7/2021,33,,390
76,5,04/13/2021,04/14/2021,6/14/2021,48,5/14/2021,651
76,9,04/04/2021,04/05/2021,5/5/2021,33,,550
76,11,07/01/2020,07/02/2020,9/2/2020,41,,485
76,27,06/02/2020,06/03/2020,7/3/2020,49,,483
77,13,04/18/2020,04/19/2020,6/19/2020,26,,611
77,29,12/17/2020,12/18/2020,2/18/2021,45,,290
78,9,01/25/2020,01/26/2020,3/26/2020,14,,550
78,14,01/03/2021,01/04/2021,3/4/2021,28,,85
78,16,10/28/2020,10/29/2020,11/29/2020,22,,194
78,18,05/22/2020,05/23/2020,7/23/2020,32,,270
79,4,01/13/2020,01/14/2020,3/14/2020,19,,360
79,12,10/28/2020,10/29/2020,11/29/2020,3,,550
79,14,02/01/2020,02/02/2020,4/2/2020,18,,85
79,27,05/02/2021,05/03/2021,6/3/2021,34,,483
80,6,02/09/2021,02/10/2021,3/10/2021,39,,425
80,16,11/09/2020,11/10/2020,12/10/2020,31,,194
80,20,05/04/2021,05/05/2021,6/5/2021,18,,297
80,25,01/24/2020,01/25/2020,3/25/2020,39,,390
81,6,11/16/2020,11/17/2020,12/17/2020,27,,425
81,14,08/10/2020,08/11/2020,9/11/2020,50,,85
82,2,10/05/2020,10/06/2020,12/6/2020,6,,331
82,3,07/08/2020,07/09/2020,8/9/2020,14,,476
82,4,09/03/2020,09/04/2020,10/4/2020,5,,360
82,11,10/09/2020,10/10/2020,11/10/2020,1,,485
83,5,06/24/2020,06/25/2020,8/25/2020,15,,651
83,21,01/31/2021,02/01/2021,3/1/2021,3,,314
83,23,08/07/2020,08/08/2020,9/8/2020,17,,338
84,13,02/14/2020,02/15/2020,3/15/2020,5,,611
84,20,04/02/2020,04/03/2020,5/3/2020,16,,297
84,27,08/20/2020,08/21/2020,9/21/2020,35,,483
85,4,10/19/2020,10/20/2020,11/20/2020,46,,360
85,19,04/26/2021,04/27/2021,5/27/2021,43,,297
86,3,03/20/2021,03/21/2021,4/21/2021,23,,476
86,21,02/21/2020,02/22/2020,3/22/2020,19,,314
87,5,02/25/2020,02/26/2020,3/26/2020,12,,651
87,11,10/31/2020,11/1/2020,12/1/2020,33,,485
88,2,01/23/2021,01/24/2021,2/24/2021,29,,331
88,13,11/20/2020,11/21/2020,12/21/2020,11,,611
88,23,11/24/2020,11/25/2020,12/25/2020,14,,338
90,14,06/30/2020,07/01/2020,9/1/2020,42,,85
90,16,04/03/2021,04/04/2021,5/4/2021,17,,194
91,1,06/26/2020,06/27/2020,7/27/2020,48,,300
91,3,04/23/2020,04/24/2020,5/24/2020,25,,476
91,12,04/12/2020,04/13/2020,5/13/2020,36,,550
91,17,06/16/2020,06/17/2020,7/17/2020,31,,253
91,19,03/21/2021,03/22/2021,4/22/2021,42,,297
91,25,04/01/2021,04/02/2021,6/2/2021,20,,390
91,30,03/14/2021,03/15/2021,4/15/2021,39,,351
92,5,04/26/2021,04/27/2021,6/27/2021,45,,651
92,15,01/08/2021,01/09/2021,2/9/2021,36,,177
92,20,02/06/2020,02/07/2020,3/7/2020,47,,297
92,20,07/29/2020,07/30/2020,8/30/2020,37,,297
92,26,01/11/2020,01/12/2020,3/12/2020,22,,407
93,2,12/29/2020,12/30/2020,1/30/2021,26,,331
93,22,05/31/2021,06/01/2021,7/1/2021,46,,314
94,20,07/12/2020,07/13/2020,8/13/2020,12,,297
95,14,01/21/2021,01/22/2021,2/22/2021,8,,85
96,2,05/20/2021,05/21/2021,6/21/2021,10,,331
97,12,02/21/2020,02/22/2020,3/22/2020,15,,550
97,12,11/26/2020,11/27/2020,1/27/2021,1,,550
97,15,12/21/2020,12/22/2020,2/22/2021,8,,177
97,20,04/01/2020,04/02/2020,5/2/2020,2,,297
98,7,06/28/2020,06/29/2020,7/29/2020,45,,456
98,11,12/28/2020,12/29/2020,1/29/2021,28,,485
98,13,01/17/2021,01/18/2021,2/18/2021,29,,611
98,18,09/19/2020,09/20/2020,10/20/2020,10,,270
98,21,12/31/2020,1/1/2021,2/1/2021,18,,314
100,11,07/27/2020,07/28/2020,8/28/2020,25,,485
100,23,03/06/2020,03/07/2020,4/7/2020,44,,338
100,24,02/03/2020,02/04/2020,4/4/2020,43,,355
101,1,01/18/2021,01/19/2021,3/19/2021,12,,300
101,10,02/15/2020,02/16/2020,3/16/2020,38,,725
101,21,01/16/2021,01/17/2021,2/17/2021,19,,314
102,1,03/22/2020,03/23/2020,4/23/2020,5,,300
102,16,05/24/2020,05/25/2020,6/25/2020,28,,194
102,25,10/23/2020,10/24/2020,11/24/2020,50,,390
102,27,04/22/2021,04/23/2021,5/23/2021,35,,483
103,9,01/30/2020,01/31/2020,2/29/2020,48,,550
103,17,04/04/2020,04/05/2020,5/5/2020,33,,253
104,14,01/14/2020,01/15/2020,2/15/2020,34,,85
104,17,10/30/2020,10/31/2020,11/30/2020,16,,253
104,30,01/12/2020,01/13/2020,3/13/2020,35,,351
105,1,02/21/2020,02/22/2020,3/22/2020,28,,300
105,6,02/21/2020,02/22/2020,3/22/2020,12,,425
105,14,01/08/2021,01/09/2021,2/9/2021,30,,85
105,17,08/02/2020,08/03/2020,10/3/2020,33,,253
106,30,04/26/2021,04/27/2021,6/27/2021,30,,351
108,6,01/21/2020,01/22/2020,2/22/2020,38,,425
108,18,02/01/2021,02/02/2021,3/2/2021,14,,270
108,22,09/04/2020,09/05/2020,10/5/2020,47,,314
108,25,05/03/2020,05/04/2020,7/4/2020,4,,390
109,1,03/16/2020,03/17/2020,5/17/2020,12,,300
109,22,01/13/2021,01/14/2021,3/14/2021,49,,314
110,2,02/25/2021,02/26/2021,3/26/2021,44,,331
110,22,01/26/2021,01/27/2021,3/27/2021,42,,314
110,27,04/05/2020,04/06/2020,5/6/2020,12,,483
111,17,01/16/2021,01/17/2021,2/17/2021,15,,253
111,27,08/30/2020,08/31/2020,9/30/2020,39,,483
112,8,06/23/2020,06/24/2020,8/24/2020,50,,401
112,10,02/01/2020,02/02/2020,4/2/2020,37,,725
112,16,07/11/2020,07/12/2020,8/12/2020,45,,194
112,17,05/14/2020,05/15/2020,6/15/2020,23,,253
112,30,11/03/2020,11/04/2020,12/4/2020,24,,351
113,16,02/24/2021,02/25/2021,3/25/2021,22,,194
113,21,05/27/2021,05/28/2021,6/28/2021,17,,314
113,29,12/05/2020,12/06/2020,1/6/2021,20,,290
114,18,02/22/2020,02/23/2020,3/23/2020,31,,270
114,25,03/22/2020,03/23/2020,4/23/2020,47,,390
116,6,07/26/2020,07/27/2020,9/27/2020,19,,425
116,20,11/12/2020,11/13/2020,1/13/2021,12,,297
116,21,05/30/2021,05/31/2021,7/31/2021,41,,314
116,30,11/01/2020,11/02/2020,12/2/2020,28,,351
118,5,03/29/2020,03/30/2020,5/30/2020,15,,651
119,4,12/08/2020,12/09/2020,1/9/2021,3,,360
119,5,10/14/2020,10/15/2020,11/15/2020,17,,651
119,6,02/13/2020,02/14/2020,3/14/2020,29,,425
119,26,07/26/2020,07/27/2020,8/27/2020,19,,407
120,18,11/20/2020,11/21/2020,12/21/2020,14,,270
121,4,03/31/2021,04/01/2021,5/1/2021,49,,360
121,10,12/04/2020,12/05/2020,1/5/2021,15,,725
122,13,09/30/2020,10/01/2020,11/1/2020,48,,611
122,21,11/18/2020,11/19/2020,12/19/2020,33,,314
124,22,08/17/2020,08/18/2020,9/18/2020,15,,314
124,23,06/24/2020,06/25/2020,7/25/2020,2,,338
125,23,10/12/2020,10/13/2020,11/13/2020,14,,338
126,3,01/30/2021,01/31/2021,2/28/2021,16,,476
126,3,02/06/2020,02/07/2020,3/7/2020,26,,476
126,7,12/18/2020,12/19/2020,1/19/2021,2,,456
126,18,03/27/2021,03/28/2021,4/28/2021,31,,270
126,24,12/27/2020,12/28/2020,1/28/2021,29,,355
126,27,03/07/2021,03/08/2021,4/8/2021,40,,483
126,30,09/07/2020,09/08/2020,10/8/2020,22,,351
127,15,07/16/2020,07/17/2020,8/17/2020,44,,177
127,29,01/08/2021,01/09/2021,2/9/2021,15,,290
128,2,02/22/2021,02/23/2021,3/23/2021,18,,331
128,5,04/22/2020,04/23/2020,5/23/2020,15,,651
128,16,08/17/2020,08/18/2020,9/18/2020,6,,194
129,11,03/09/2021,03/10/2021,4/10/2021,28,,485
129,28,09/04/2020,09/05/2020,10/5/2020,21,,230
130,8,02/11/2020,02/12/2020,3/12/2020,22,,401
131,1,03/06/2021,03/07/2021,4/7/2021,11,,300
131,5,05/10/2021,05/11/2021,6/11/2021,35,,651
132,2,12/24/2020,12/25/2020,1/25/2021,35,,331
132,25,08/01/2020,08/02/2020,9/2/2020,7,,390
132,29,05/22/2020,05/23/2020,6/23/2020,1,,290
133,8,08/09/2020,08/10/2020,9/10/2020,23,,401
133,24,12/12/2020,12/13/2020,1/13/2021,12,,355
133,29,02/06/2020,02/07/2020,3/7/2020,12,,290
134,3,02/24/2020,02/25/2020,3/25/2020,3,,476
134,22,10/22/2020,10/23/2020,11/23/2020,36,,314
135,2,10/30/2020,10/31/2020,11/30/2020,45,,331
135,15,04/03/2020,04/04/2020,5/4/2020,12,,177
135,23,09/23/2020,09/24/2020,10/24/2020,15,,338
135,24,11/26/2020,11/27/2020,12/27/2020,18,,355
135,27,02/26/2020,02/27/2020,3/27/2020,23,,483
136,10,02/15/2020,02/16/2020,3/16/2020,6,3/16/2020,725
137,16,02/25/2020,02/26/2020,3/26/2020,9,,194
139,3,02/03/2020,02/04/2020,3/4/2020,50,,476
139,6,06/19/2020,06/20/2020,7/20/2020,31,7/20/2020,425
140,4,07/29/2020,07/30/2020,8/30/2020,1,,360
140,21,08/28/2020,08/29/2020,9/29/2020,22,,314
141,18,08/03/2020,08/04/2020,9/4/2020,28,,270
141,25,09/25/2020,09/26/2020,10/26/2020,39,,390
141,26,05/18/2020,05/19/2020,6/19/2020,20,,407
142,4,01/07/2020,01/08/2020,2/8/2020,22,,360
142,18,03/05/2020,03/06/2020,4/6/2020,7,,270
143,3,09/29/2020,09/30/2020,10/30/2020,14,,476
143,23,05/21/2021,05/22/2021,6/22/2021,4,,338
144,7,10/24/2020,10/25/2020,11/25/2020,22,,456
144,8,06/11/2020,06/12/2020,7/12/2020,10,,401
144,16,08/22/2020,08/23/2020,9/23/2020,46,,194
144,26,01/15/2020,01/16/2020,2/16/2020,17,,407
145,15,08/29/2020,08/30/2020,9/30/2020,13,,177
145,18,03/08/2020,03/09/2020,4/9/2020,11,,270
145,19,08/07/2020,08/08/2020,9/8/2020,21,,297
146,8,02/09/2020,02/10/2020,3/10/2020,21,,401
146,10,08/16/2020,08/17/2020,9/17/2020,15,,725
146,10,11/01/2020,11/02/2020,12/2/2020,7,,725
146,21,02/27/2020,02/28/2020,3/28/2020,3,,314
146,24,11/03/2020,11/04/2020,12/4/2020,42,,355
147,4,12/04/2020,12/05/2020,1/5/2021,3,,360
147,14,12/10/2020,12/11/2020,1/11/2021,47,,85
147,18,03/27/2020,03/28/2020,4/28/2020,40,,270
147,20,08/08/2020,08/09/2020,9/9/2020,20,,297
147,29,07/05/2020,07/06/2020,8/6/2020,25,,290
148,10,04/30/2020,05/01/2020,6/1/2020,6,,725
148,30,05/23/2020,05/24/2020,6/24/2020,48,,351
149,18,07/04/2020,07/05/2020,8/5/2020,31,,270
150,12,06/18/2020,06/19/2020,7/19/2020,49,,550
150,24,03/24/2021,03/25/2021,4/25/2021,18,,355
150,28,02/22/2021,02/23/2021,3/23/2021,49,,230
151,19,11/23/2020,11/24/2020,12/24/2020,14,,297
151,23,02/06/2020,02/07/2020,3/7/2020,37,,338
151,28,05/07/2020,05/08/2020,6/8/2020,7,,230
153,23,03/24/2021,03/25/2021,4/25/2021,21,,338
154,14,06/21/2020,06/22/2020,7/22/2020,50,,85
154,19,05/19/2021,05/20/2021,6/20/2021,46,,297
154,29,03/12/2021,03/13/2021,4/13/2021,30,,290
155,1,11/09/2020,11/10/2020,12/10/2020,33,,300
155,15,12/30/2020,12/31/2020,1/31/2021,5,,177
155,18,03/08/2021,03/09/2021,4/9/2021,13,,270
155,28,03/11/2021,03/12/2021,4/12/2021,28,,230
156,11,11/09/2020,11/10/2020,12/10/2020,34,,485
156,11,07/23/2020,07/24/2020,8/24/2020,29,,485
156,25,02/22/2020,02/23/2020,3/23/2020,2,,390
156,29,04/30/2020,05/01/2020,6/1/2020,30,,290
157,25,08/29/2020,08/30/2020,9/30/2020,21,,390
157,27,01/31/2021,02/01/2021,3/1/2021,2,,483
158,1,02/14/2020,02/15/2020,3/15/2020,28,,300
158,19,04/14/2020,04/15/2020,5/15/2020,6,6/15/2020,297
158,25,02/20/2020,02/21/2020,3/21/2020,32,,390
158,30,08/22/2020,08/23/2020,9/23/2020,12,,351
159,11,02/12/2020,02/13/2020,3/13/2020,12,,485
159,12,06/08/2020,06/09/2020,7/9/2020,22,,550
159,13,01/02/2020,01/03/2020,2/3/2020,24,,611
159,23,09/25/2020,09/26/2020,10/26/2020,21,,338
159,25,01/16/2020,01/17/2020,2/17/2020,45,,390
160,3,04/12/2021,04/13/2021,5/13/2021,16,,476
161,9,06/02/2020,06/03/2020,8/3/2020,1,,550
161,12,01/04/2021,01/05/2021,3/5/2021,30,,550
161,19,05/23/2020,05/24/2020,6/24/2020,32,6/24/2020,297
161,22,02/12/2020,02/13/2020,4/13/2020,22,,314
162,14,10/06/2020,10/07/2020,11/7/2020,2,,85
162,27,05/19/2020,05/20/2020,7/20/2020,34,,483
163,3,03/16/2021,03/17/2021,5/17/2021,14,,476
163,8,03/28/2020,03/29/2020,4/29/2020,11,,401
163,29,09/22/2020,09/23/2020,11/23/2020,40,,290
164,3,04/25/2021,04/26/2021,5/26/2021,28,5/26/2021,476
164,3,05/30/2021,05/31/2021,6/30/2021,14,,476
164,25,06/09/2020,06/10/2020,7/10/2020,38,7/10/2020,390
165,3,03/30/2020,03/31/2020,5/31/2020,10,,476
166,22,02/15/2020,02/16/2020,3/16/2020,14,,314
167,1,07/09/2020,07/10/2020,9/10/2020,36,,300
167,2,01/12/2020,01/13/2020,3/13/2020,49,,331
167,23,07/29/2020,07/30/2020,9/30/2020,27,,338
168,6,12/13/2020,12/14/2020,1/14/2021,25,1/14/2021,425
168,12,11/25/2020,11/26/2020,1/26/2021,2,,550
169,23,11/15/2020,11/16/2020,12/16/2020,32,,338
170,2,11/15/2020,11/16/2020,12/16/2020,21,,331
170,14,01/31/2021,02/01/2021,3/1/2021,39,,85
170,18,02/10/2020,02/11/2020,3/11/2020,31,,270
170,18,10/15/2020,10/16/2020,12/16/2020,20,,270
170,25,02/14/2020,02/15/2020,3/15/2020,12,,390
170,26,02/08/2020,02/09/2020,4/9/2020,44,,407
171,1,06/01/2021,06/02/2021,7/2/2021,9,,300
171,4,02/16/2020,02/17/2020,3/17/2020,34,,360
171,16,12/19/2020,12/20/2020,1/20/2021,7,,194
172,5,11/11/2020,11/12/2020,12/12/2020,49,12/12/2020,651
172,12,03/24/2020,03/25/2020,4/25/2020,25,,550
173,9,05/09/2020,05/10/2020,6/10/2020,9,6/10/2020,550
173,12,03/20/2021,03/21/2021,4/21/2021,8,,550
174,1,05/26/2020,05/27/2020,6/27/2020,12,,300
174,6,03/22/2021,03/23/2021,4/23/2021,30,,425
174,10,05/02/2021,05/03/2021,6/3/2021,4,,725
174,10,03/17/2021,03/18/2021,4/18/2021,48,,725
174,18,04/06/2021,04/07/2021,6/7/2021,50,,270
174,24,07/16/2020,07/17/2020,9/17/2020,50,,355
175,28,12/05/2020,12/06/2020,1/6/2021,44,,230
175,30,08/18/2020,08/19/2020,10/19/2020,7,,351
176,5,12/21/2020,12/22/2020,1/22/2021,45,1/22/2021,651
176,21,04/17/2020,04/18/2020,5/18/2020,3,,314
177,8,03/02/2021,03/03/2021,5/3/2021,21,,401
177,21,03/26/2020,03/27/2020,4/27/2020,40,,314
177,21,12/17/2020,12/18/2020,1/18/2021,47,,314
177,29,03/22/2021,03/23/2021,4/23/2021,16,,290
177,30,02/07/2020,02/08/2020,3/8/2020,42,,351
178,19,05/29/2021,05/30/2021,6/30/2021,43,6/30/2021,297
179,7,02/18/2021,02/19/2021,3/19/2021,29,,456
179,10,12/30/2020,12/31/2020,1/31/2021,22,,725
179,17,05/31/2021,06/01/2021,7/1/2021,25,,253
179,27,02/17/2021,02/18/2021,3/18/2021,35,,483
181,5,02/06/2021,02/07/2021,3/7/2021,20,3/7/2021,651
181,8,04/14/2021,04/15/2021,6/15/2021,46,,401
181,15,03/17/2021,03/18/2021,4/18/2021,27,,177
182,15,11/16/2020,11/17/2020,1/17/2021,22,,177
182,16,06/16/2020,06/17/2020,7/17/2020,46,,194
182,28,09/10/2020,09/11/2020,10/11/2020,18,,230
183,7,01/18/2021,01/19/2021,2/19/2021,19,,456
183,10,01/28/2021,01/29/2021,2/28/2021,17,,725
183,12,09/03/2020,09/04/2020,11/4/2020,48,,550
183,23,09/11/2020,09/12/2020,10/12/2020,25,,338
184,13,08/23/2020,08/24/2020,10/24/2020,14,,611
184,21,01/10/2021,01/11/2021,2/11/2021,14,,314
184,22,04/26/2020,04/27/2020,5/27/2020,29,,314
184,23,03/04/2020,03/05/2020,5/5/2020,45,,338
184,26,09/03/2020,09/04/2020,10/4/2020,24,,407
185,8,04/27/2021,04/28/2021,5/28/2021,22,,401
185,12,05/21/2021,05/22/2021,6/22/2021,9,,550
185,20,08/28/2020,08/29/2020,9/29/2020,1,,297
185,23,03/20/2020,03/21/2020,4/21/2020,38,,338
186,5,11/21/2020,11/22/2020,12/22/2020,25,,651
186,19,07/20/2020,07/21/2020,9/21/2020,36,,297
186,19,05/29/2021,05/30/2021,7/30/2021,10,,297
186,22,12/07/2020,12/08/2020,1/8/2021,34,,314
186,29,02/10/2020,02/11/2020,4/11/2020,21,,290
187,4,08/16/2020,08/17/2020,9/17/2020,25,,360
187,8,05/23/2021,05/24/2021,6/24/2021,45,,401
188,9,02/23/2020,02/24/2020,4/24/2020,47,,550
188,22,07/14/2020,07/15/2020,8/15/2020,1,8/15/2020,314
189,8,08/01/2020,08/02/2020,9/2/2020,16,,401
189,16,07/07/2020,07/08/2020,8/8/2020,49,,194
190,1,03/01/2021,03/02/2021,4/2/2021,23,4/2/2021,300
190,15,10/15/2020,10/16/2020,11/16/2020,22,,177
191,16,08/15/2020,08/16/2020,10/16/2020,23,,194
191,20,04/27/2020,04/28/2020,6/28/2020,16,,297
193,9,03/25/2020,03/26/2020,4/26/2020,7,,550
193,27,10/03/2020,10/04/2020,12/4/2020,27,,483
194,5,11/01/2020,11/02/2020,12/2/2020,23,,651
194,8,11/15/2020,11/16/2020,12/16/2020,27,,401
195,14,04/10/2021,04/11/2021,5/11/2021,12,,85
196,24,06/17/2020,06/18/2020,7/18/2020,9,,355
196,27,03/04/2020,03/05/2020,4/5/2020,10,,483
197,28,04/24/2021,04/25/2021,5/25/2021,11,,230
198,30,10/26/2020,10/27/2020,12/27/2020,9,,351
199,3,03/27/2021,03/28/2021,4/28/2021,27,,476
199,17,08/04/2020,08/05/2020,9/5/2020,29,,253
199,20,08/10/2020,08/11/2020,9/11/2020,20,,297
199,29,05/14/2020,05/15/2020,7/15/2020,44,,290
202,1,03/19/2021,03/20/2021,5/20/2021,5,,300
202,13,05/03/2021,05/04/2021,6/4/2021,22,6/4/2021,611
202,26,10/18/2020,10/19/2020,11/19/2020,8,,407
203,9,12/25/2020,12/26/2020,2/26/2021,17,,550
203,18,01/04/2020,01/05/2020,3/5/2020,35,,270
203,28,05/10/2021,05/11/2021,6/11/2021,23,,230
204,5,04/10/2021,04/11/2021,5/11/2021,24,,651
204,13,04/21/2021,04/22/2021,6/22/2021,24,,611
204,28,01/22/2021,01/23/2021,2/23/2021,34,,230
204,30,05/20/2021,05/21/2021,6/21/2021,38,,351
206,4,11/15/2020,11/16/2020,12/16/2020,33,,360
206,9,08/24/2020,08/25/2020,9/25/2020,40,,550
206,12,04/01/2020,04/02/2020,5/2/2020,50,,550
207,10,09/05/2020,09/06/2020,10/6/2020,19,,725
207,10,08/17/2020,08/18/2020,9/18/2020,44,,725
207,12,05/01/2021,05/02/2021,6/2/2021,5,,550
207,20,04/14/2020,04/15/2020,5/15/2020,31,,297
207,21,05/09/2021,05/10/2021,6/10/2021,23,,314
208,12,01/11/2021,01/12/2021,3/12/2021,1,,550
208,27,07/11/2020,07/12/2020,8/12/2020,14,,483
208,30,01/23/2020,01/24/2020,2/24/2020,46,,351
209,20,07/08/2020,07/09/2020,8/9/2020,29,,297
209,25,08/28/2020,08/29/2020,9/29/2020,17,,390
210,21,03/04/2020,03/05/2020,5/5/2020,3,,314
211,1,03/25/2020,03/26/2020,4/26/2020,49,,300
211,12,04/18/2020,04/19/2020,5/19/2020,37,,550
211,14,12/01/2020,12/02/2020,1/2/2021,6,1/2/2021,85
211,28,02/18/2020,02/19/2020,3/19/2020,23,,230
212,25,02/08/2020,02/09/2020,3/9/2020,39,,390
213,26,01/07/2020,01/08/2020,3/8/2020,45,,407
213,30,04/29/2020,04/30/2020,5/30/2020,20,5/30/2020,351
214,2,04/01/2021,04/02/2021,5/2/2021,48,,331
215,2,02/13/2021,02/14/2021,3/14/2021,5,,331
215,6,04/20/2020,04/21/2020,5/21/2020,3,,425
216,11,12/24/2020,12/25/2020,1/25/2021,29,,485
216,12,04/29/2020,04/30/2020,5/30/2020,21,,550
217,1,09/01/2020,09/02/2020,10/2/2020,42,,300
217,9,10/28/2020,10/29/2020,11/29/2020,42,,550
217,13,01/30/2021,01/31/2021,2/28/2021,27,,611
218,2,04/20/2021,04/21/2021,5/21/2021,44,,331
218,28,03/10/2020,03/11/2020,4/11/2020,33,,230
219,9,05/16/2020,05/17/2020,6/17/2020,42,,550
220,6,05/11/2021,05/12/2021,6/12/2021,49,,425
220,10,11/25/2020,11/26/2020,12/26/2020,13,,725
220,24,04/28/2021,04/29/2021,5/29/2021,20,,355
222,19,02/10/2021,02/11/2021,3/11/2021,43,,297
222,19,01/11/2021,01/12/2021,3/12/2021,8,,297
223,17,07/12/2020,07/13/2020,8/13/2020,8,,253
223,29,01/10/2021,01/11/2021,2/11/2021,29,2/11/2021,290
224,8,10/17/2020,10/18/2020,12/18/2020,31,,401
224,19,12/23/2020,12/24/2020,1/24/2021,38,,297
225,5,11/25/2020,11/26/2020,12/26/2020,34,,651
225,9,12/14/2020,12/15/2020,1/15/2021,39,,550
225,19,04/14/2020,04/15/2020,5/15/2020,42,,297
226,10,10/11/2020,10/12/2020,11/12/2020,11,,725
226,21,05/02/2021,05/03/2021,6/3/2021,1,,314
226,22,10/29/2020,10/30/2020,12/30/2020,15,,314
227,1,01/25/2020,01/26/2020,3/26/2020,33,,300
227,18,03/09/2021,03/10/2021,4/10/2021,12,,270
227,29,02/20/2021,02/21/2021,3/21/2021,18,3/21/2021,290
229,17,05/04/2020,05/05/2020,6/5/2020,29,,253
229,29,03/02/2020,03/03/2020,4/3/2020,15,,290
230,3,07/06/2020,07/07/2020,9/7/2020,41,,476
230,5,04/28/2021,04/29/2021,5/29/2021,27,,651
230,6,07/13/2020,07/14/2020,9/14/2020,7,,425
230,20,05/28/2021,05/29/2021,6/29/2021,2,,297
230,30,04/21/2020,04/22/2020,5/22/2020,46,,351
231,8,08/05/2020,08/06/2020,9/6/2020,40,,401
232,19,12/18/2020,12/19/2020,1/19/2021,3,,297
234,14,05/06/2020,05/07/2020,6/7/2020,10,,85
234,28,05/17/2020,05/18/2020,6/18/2020,45,,230
235,15,09/05/2020,09/06/2020,10/6/2020,41,10/6/2020,177
236,16,02/28/2020,02/29/2020,3/29/2020,5,,194
237,2,05/24/2021,05/25/2021,7/25/2021,16,,331
237,5,07/21/2020,07/22/2020,8/22/2020,23,,651
237,7,02/17/2021,02/18/2021,3/18/2021,32,3/18/2021,456
239,17,10/12/2020,10/13/2020,11/13/2020,18,,253
239,24,01/17/2021,01/18/2021,2/18/2021,27,,355
240,3,04/16/2020,04/17/2020,6/17/2020,6,,476
240,7,01/29/2021,01/30/2021,2/28/2021,14,,456
240,25,09/16/2020,09/17/2020,10/17/2020,42,,390
240,26,12/29/2020,12/30/2020,1/30/2021,48,,407
240,26,02/10/2021,02/11/2021,4/11/2021,30,,407
241,27,11/23/2020,11/24/2020,12/24/2020,14,,483
242,7,01/18/2021,01/19/2021,3/19/2021,36,,456
243,18,10/30/2020,10/31/2020,11/30/2020,27,,270
244,5,01/07/2021,01/08/2021,2/8/2021,20,,651
244,28,04/30/2020,05/01/2020,6/1/2020,25,,230
244,29,01/13/2021,01/14/2021,2/14/2021,14,,290
245,9,06/15/2020,06/16/2020,7/16/2020,26,,550
246,5,09/19/2020,09/20/2020,10/20/2020,31,,651
246,10,08/20/2020,08/21/2020,9/21/2020,20,9/21/2020,725
246,19,08/29/2020,08/30/2020,9/30/2020,31,,297
247,17,08/22/2020,08/23/2020,9/23/2020,9,,253
247,23,03/28/2021,03/29/2021,5/29/2021,1,,338
248,5,08/14/2020,08/15/2020,9/15/2020,34,,651
250,8,08/07/2020,08/08/2020,9/8/2020,11,,401
250,13,04/01/2021,04/02/2021,5/2/2021,1,,611
250,15,06/23/2020,06/24/2020,8/24/2020,3,,177
250,23,09/18/2020,09/19/2020,10/19/2020,36,,338
251,7,05/26/2020,05/27/2020,6/27/2020,49,6/27/2020,456
251,10,05/01/2020,05/02/2020,7/2/2020,2,,725
251,27,06/08/2020,06/09/2020,8/9/2020,24,,483
252,5,03/12/2021,03/13/2021,4/13/2021,14,,651
253,10,08/12/2020,08/13/2020,9/13/2020,40,,725
253,28,03/17/2021,03/18/2021,4/18/2021,47,,230
253,28,04/27/2020,04/28/2020,5/28/2020,16,,230
254,12,12/04/2020,12/05/2020,1/5/2021,14,,550
254,21,03/30/2021,03/31/2021,4/30/2021,28,,314
255,18,06/01/2021,06/02/2021,7/2/2021,11,,270
255,25,07/04/2020,07/05/2020,8/5/2020,1,,390
256,2,03/17/2021,03/18/2021,4/18/2021,33,,331
256,7,05/07/2021,05/08/2021,7/8/2021,42,,456
256,20,09/20/2020,09/21/2020,10/21/2020,6,,297
256,22,07/07/2020,07/08/2020,8/8/2020,26,,314
256,23,09/23/2020,09/24/2020,10/24/2020,12,,338
257,1,04/18/2021,04/19/2021,5/19/2021,15,,300
257,8,02/17/2021,02/18/2021,3/18/2021,25,,401
258,11,05/27/2020,05/28/2020,6/28/2020,29,,485
258,23,04/17/2020,04/18/2020,5/18/2020,29,,338
259,7,09/11/2020,09/12/2020,10/12/2020,47,,456
259,10,06/01/2021,06/02/2021,7/2/2021,38,,725
259,29,02/12/2020,02/13/2020,3/13/2020,17,,290
260,18,08/01/2020,08/02/2020,10/2/2020,24,,270
260,24,01/01/2020,01/02/2020,2/2/2020,39,,355
261,10,02/19/2021,02/20/2021,3/20/2021,4,,725
261,10,02/13/2021,02/14/2021,3/14/2021,33,,725
261,11,10/02/2020,10/03/2020,11/3/2020,35,,485
261,17,05/19/2021,05/20/2021,6/20/2021,41,,253
261,19,03/06/2020,03/07/2020,4/7/2020,44,,297
262,3,03/25/2021,03/26/2021,5/26/2021,30,,476
262,5,05/10/2020,05/11/2020,7/11/2020,24,,651
262,14,07/26/2020,07/27/2020,8/27/2020,43,,85
262,20,05/14/2020,05/15/2020,6/15/2020,23,,297
262,27,03/23/2021,03/24/2021,4/24/2021,49,,483
262,28,09/30/2020,10/01/2020,12/1/2020,8,,230
264,21,04/25/2020,04/26/2020,5/26/2020,45,,314
265,2,09/30/2020,10/01/2020,11/1/2020,4,,331
266,3,04/10/2020,04/11/2020,5/11/2020,38,,476
266,13,03/15/2020,03/16/2020,4/16/2020,19,,611
266,28,05/16/2020,05/17/2020,6/17/2020,11,,230
267,15,01/29/2021,01/30/2021,2/28/2021,31,,177
268,4,07/02/2020,07/03/2020,8/3/2020,21,,360
268,10,10/10/2020,10/11/2020,11/11/2020,12,,725
268,17,04/15/2020,04/16/2020,5/16/2020,25,,253
269,8,08/18/2020,08/19/2020,10/19/2020,8,,401
269,19,08/12/2020,08/13/2020,9/13/2020,30,,297
269,30,08/24/2020,08/25/2020,10/25/2020,12,,351
270,3,08/07/2020,08/08/2020,10/8/2020,11,,476
271,6,01/31/2021,02/01/2021,3/1/2021,40,,425
271,23,02/15/2021,02/16/2021,3/16/2021,35,,338
272,12,06/15/2020,06/16/2020,7/16/2020,12,,550
272,14,01/05/2021,01/06/2021,3/6/2021,9,,85
274,1,06/03/2020,06/04/2020,7/4/2020,17,,300
274,11,01/30/2021,01/31/2021,2/28/2021,45,,485
274,18,02/19/2021,02/20/2021,4/20/2021,19,,270
274,19,04/13/2020,04/14/2020,5/14/2020,47,,297
275,6,01/13/2021,01/14/2021,3/14/2021,14,,425
275,9,05/28/2020,05/29/2020,7/29/2020,31,,550
275,17,04/26/2021,04/27/2021,6/27/2021,11,,253
275,18,01/09/2021,01/10/2021,3/10/2021,48,,270
275,20,02/07/2020,02/08/2020,4/8/2020,35,,297
275,25,05/05/2021,05/06/2021,7/6/2021,23,,390
276,16,08/26/2020,08/27/2020,9/27/2020,9,,194
276,18,03/05/2020,03/06/2020,4/6/2020,48,,270
276,23,06/01/2020,06/02/2020,7/2/2020,27,,338
277,2,12/05/2020,12/06/2020,1/6/2021,43,,331
277,9,10/26/2020,10/27/2020,11/27/2020,15,,550
278,4,02/20/2021,02/21/2021,3/21/2021,12,,360
278,29,05/07/2020,05/08/2020,6/8/2020,14,,290
279,16,04/26/2020,04/27/2020,6/27/2020,19,,194
279,19,08/07/2020,08/08/2020,10/8/2020,32,,297
279,21,10/23/2020,10/24/2020,11/24/2020,12,,314
280,5,03/22/2021,03/23/2021,5/23/2021,10,,651
281,1,01/02/2021,01/03/2021,3/3/2021,48,,300
282,1,05/20/2020,05/21/2020,7/21/2020,3,,300
282,14,10/16/2020,10/17/2020,11/17/2020,31,,85
284,3,02/07/2021,02/08/2021,4/8/2021,8,,476
284,19,09/05/2020,09/06/2020,11/6/2020,24,,297
284,27,03/28/2021,03/29/2021,4/29/2021,34,,483
285,4,08/08/2020,08/09/2020,9/9/2020,4,,360
285,8,02/29/2020,03/01/2020,5/1/2020,40,,401
285,10,01/02/2021,01/03/2021,2/3/2021,36,,725
285,16,03/24/2020,03/25/2020,5/25/2020,45,,194
285,25,01/19/2020,01/20/2020,3/20/2020,6,,390
285,26,10/21/2020,10/22/2020,11/22/2020,11,,407
286,22,07/06/2020,07/07/2020,9/7/2020,3,,314
286,26,10/31/2020,11/1/2020,12/1/2020,47,,407
287,14,09/05/2020,09/06/2020,11/6/2020,50,,85
287,15,01/07/2021,01/08/2021,2/8/2021,10,,177
287,15,06/13/2020,06/14/2020,8/14/2020,13,,177
287,28,07/16/2020,07/17/2020,8/17/2020,25,,230
288,12,04/01/2020,04/02/2020,6/2/2020,25,,550
288,13,03/03/2021,03/04/2021,4/4/2021,33,,611
288,26,02/08/2021,02/09/2021,4/9/2021,32,,407
289,3,02/12/2021,02/13/2021,4/13/2021,38,,476
289,24,08/08/2020,08/09/2020,9/9/2020,3,,355
290,6,05/14/2020,05/15/2020,7/15/2020,23,,425
290,16,01/05/2020,01/06/2020,2/6/2020,29,,194
290,24,02/06/2021,02/07/2021,3/7/2021,49,,355
292,9,08/30/2020,08/31/2020,9/30/2020,17,,550
292,21,01/04/2020,01/05/2020,3/5/2020,20,,314
293,5,02/26/2020,02/27/2020,4/27/2020,16,,651
293,23,05/24/2021,05/25/2021,7/25/2021,19,,338
293,26,04/25/2020,04/26/2020,5/26/2020,46,,407
294,3,08/19/2020,08/20/2020,10/20/2020,39,,476
294,7,04/19/2020,04/20/2020,6/20/2020,11,,456
294,11,10/01/2020,10/02/2020,11/2/2020,49,,485
294,17,08/28/2020,08/29/2020,9/29/2020,20,,253
295,7,01/16/2020,01/17/2020,3/17/2020,40,,456
295,16,05/30/2020,05/31/2020,7/31/2020,36,,194
295,28,08/27/2020,08/28/2020,10/28/2020,22,,230
296,16,04/12/2020,04/13/2020,6/13/2020,43,,194
296,21,01/15/2020,01/16/2020,3/16/2020,2,,314
297,9,07/26/2020,07/27/2020,8/27/2020,13,,550
297,11,05/29/2020,05/30/2020,6/30/2020,7,,485
297,22,04/15/2021,04/16/2021,6/16/2021,26,,314
297,28,03/21/2020,03/22/2020,4/22/2020,21,,230
297,29,01/29/2020,01/30/2020,2/29/2020,39,,290
298,30,09/27/2020,09/28/2020,10/28/2020,41,,351
300,12,09/12/2020,09/13/2020,11/13/2020,7,,550
301,21,03/02/2021,03/03/2021,5/3/2021,23,,314
301,21,11/16/2020,11/17/2020,12/17/2020,3,,314
302,1,08/17/2020,08/18/2020,10/18/2020,21,,300
302,16,06/26/2020,06/27/2020,7/27/2020,35,,194
302,20,08/27/2020,08/28/2020,10/28/2020,42,,297
302,20,07/16/2020,07/17/2020,9/17/2020,45,,297
304,6,04/09/2020,04/10/2020,5/10/2020,41,,425
304,10,09/13/2020,09/14/2020,10/14/2020,39,,725
305,14,08/12/2020,08/13/2020,10/13/2020,8,,85
305,15,05/03/2021,05/04/2021,7/4/2021,17,,177
305,25,02/07/2020,02/08/2020,4/8/2020,22,,390
306,1,04/03/2021,04/04/2021,6/4/2021,19,,300
306,7,01/07/2021,01/08/2021,2/8/2021,33,,456
306,20,05/29/2021,05/30/2021,6/30/2021,12,,297
307,13,02/12/2020,02/13/2020,4/13/2020,25,,611
307,18,01/21/2020,01/22/2020,2/22/2020,35,,270
308,3,07/07/2020,07/08/2020,9/8/2020,1,,476
308,14,12/27/2020,12/28/2020,1/28/2021,12,,85
308,26,02/03/2021,02/04/2021,4/4/2021,34,,407
308,30,10/09/2020,10/10/2020,11/10/2020,49,,351
309,13,12/19/2020,12/20/2020,2/20/2021,13,,611
310,14,07/06/2020,07/07/2020,9/7/2020,49,,85
310,24,09/23/2020,09/24/2020,11/24/2020,36,,355
311,1,06/17/2020,06/18/2020,7/18/2020,16,,300
311,6,08/29/2020,08/30/2020,9/30/2020,17,,425
311,25,04/11/2021,04/12/2021,5/12/2021,2,,390
312,10,02/16/2020,02/17/2020,4/17/2020,8,,725
312,21,05/06/2020,05/07/2020,7/7/2020,19,,314
312,25,04/03/2020,04/04/2020,6/4/2020,39,,390
313,11,01/19/2020,01/20/2020,2/20/2020,49,,485
313,20,08/04/2020,08/05/2020,10/5/2020,6,,297
314,1,02/19/2021,02/20/2021,4/20/2021,28,,300
314,9,01/14/2021,01/15/2021,3/15/2021,16,,550
314,11,02/26/2020,02/27/2020,4/27/2020,50,,485
314,19,02/20/2021,02/21/2021,4/21/2021,11,,297
315,1,09/22/2020,09/23/2020,10/23/2020,26,,300
316,5,04/26/2020,04/27/2020,6/27/2020,38,5/27/2020,651
316,13,02/22/2020,02/23/2020,4/23/2020,8,,611
317,2,01/18/2021,01/19/2021,2/19/2021,22,,331
317,4,07/12/2020,07/13/2020,9/13/2020,26,,360
317,24,08/28/2020,08/29/2020,9/29/2020,35,,355
317,25,09/22/2020,09/23/2020,11/23/2020,43,,390
317,28,05/10/2021,05/11/2021,6/11/2021,30,,230
318,10,01/14/2020,01/15/2020,3/15/2020,26,,725
318,24,01/15/2020,01/16/2020,3/16/2020,4,,355
318,24,01/15/2021,01/16/2021,2/16/2021,44,,355
318,29,02/29/2020,03/01/2020,5/1/2020,25,,290
319,5,03/23/2020,03/24/2020,5/24/2020,16,,651
319,12,02/05/2021,02/06/2021,4/6/2021,25,,550
320,12,02/16/2021,02/17/2021,3/17/2021,4,,550
320,22,01/20/2020,01/21/2020,2/21/2020,9,,314
320,24,02/11/2021,02/12/2021,3/12/2021,44,,355
321,16,10/06/2020,10/07/2020,12/7/2020,10,,194
322,19,04/16/2021,04/17/2021,5/17/2021,42,,297
322,25,06/01/2020,06/02/2020,7/2/2020,32,,390
323,3,03/14/2020,03/15/2020,4/15/2020,33,,476
323,5,03/02/2020,03/03/2020,5/3/2020,11,,651
323,24,05/04/2020,05/05/2020,7/5/2020,15,,355
323,26,12/27/2020,12/28/2020,2/28/2021,30,,407
324,13,07/09/2020,07/10/2020,8/10/2020,33,,611
324,29,02/11/2021,02/12/2021,4/12/2021,24,,290
325,1,04/22/2020,04/23/2020,5/23/2020,6,,300
325,13,03/02/2021,03/03/2021,4/3/2021,10,4/3/2021,611
325,25,11/30/2020,12/1/2020,1/1/2021,9,,390
325,26,09/05/2020,09/06/2020,10/6/2020,44,,407
326,9,09/14/2020,09/15/2020,10/15/2020,2,,550
326,10,12/18/2020,12/19/2020,2/19/2021,15,,725
326,13,04/29/2020,04/30/2020,5/30/2020,49,,611
326,16,04/14/2020,04/15/2020,6/15/2020,39,,194
326,17,11/18/2020,11/19/2020,12/19/2020,13,,253
327,16,11/19/2020,11/20/2020,1/20/2021,3,,194
328,13,11/27/2020,11/28/2020,1/28/2021,46,,611
328,21,07/15/2020,07/16/2020,9/16/2020,35,,314
328,28,01/03/2020,01/04/2020,3/4/2020,23,,230
330,2,01/19/2020,01/20/2020,2/20/2020,29,,331
330,12,02/17/2020,02/18/2020,4/18/2020,45,,550
330,15,03/17/2021,03/18/2021,4/18/2021,42,,177
330,19,10/09/2020,10/10/2020,11/10/2020,6,,297
330,30,06/07/2020,06/08/2020,8/8/2020,25,,351
331,3,03/28/2020,03/29/2020,4/29/2020,4,,476
331,7,02/23/2021,02/24/2021,3/24/2021,11,,456
331,28,12/24/2020,12/25/2020,2/25/2021,24,,230
331,30,11/28/2020,11/29/2020,12/29/2020,40,,351
332,12,12/15/2020,12/16/2020,1/16/2021,19,,550
332,21,09/02/2020,09/03/2020,11/3/2020,37,,314
332,28,01/05/2021,01/06/2021,2/6/2021,26,,230
332,29,08/21/2020,08/22/2020,9/22/2020,9,,290
333,16,01/18/2020,01/19/2020,3/19/2020,36,,194
334,3,04/13/2020,04/14/2020,6/14/2020,22,,476
334,21,05/22/2020,05/23/2020,7/23/2020,28,,314
335,2,12/20/2020,12/21/2020,2/21/2021,3,,331
335,13,03/30/2021,03/31/2021,5/31/2021,13,,611
335,22,01/30/2020,01/31/2020,3/31/2020,3,,314
335,28,04/06/2021,04/07/2021,6/7/2021,23,,230
336,3,01/06/2020,01/07/2020,2/7/2020,35,,476
337,9,01/31/2021,02/01/2021,4/1/2021,44,,550
339,17,03/03/2020,03/04/2020,4/4/2020,10,,253
340,13,04/22/2020,04/23/2020,5/23/2020,7,,611
341,20,03/10/2021,03/11/2021,4/11/2021,11,,297
341,25,03/26/2020,03/27/2020,4/27/2020,4,,390
342,10,05/12/2021,05/13/2021,6/13/2021,43,,725
342,29,04/26/2021,04/27/2021,6/27/2021,47,,290
343,2,10/19/2020,10/20/2020,11/20/2020,28,,331
343,3,06/18/2020,06/19/2020,7/19/2020,24,,476
343,9,04/04/2020,04/05/2020,6/5/2020,39,,550
343,9,01/10/2020,01/11/2020,3/11/2020,28,,550
343,23,01/01/2021,01/02/2021,2/2/2021,45,,338
344,5,02/14/2021,02/15/2021,3/15/2021,47,,651
345,3,02/23/2021,02/24/2021,3/24/2021,27,,476
345,5,03/08/2020,03/09/2020,4/9/2020,20,,651
345,17,10/12/2020,10/13/2020,12/13/2020,20,11/13/2020,253
346,4,01/07/2020,01/08/2020,3/8/2020,6,,360
346,12,09/16/2020,09/17/2020,10/17/2020,48,10/17/2020,550
346,21,05/31/2020,06/01/2020,7/1/2020,12,,314
346,28,06/12/2020,06/13/2020,8/13/2020,9,,230
347,1,05/11/2020,05/12/2020,6/12/2020,35,,300
347,2,04/23/2021,04/24/2021,5/24/2021,27,,331
347,29,06/30/2020,07/01/2020,9/1/2020,49,,290
348,3,03/19/2020,03/20/2020,4/20/2020,6,,476
348,13,06/24/2020,06/25/2020,8/25/2020,9,,611
348,25,12/02/2020,12/03/2020,1/3/2021,6,,390
349,8,09/01/2020,09/02/2020,11/2/2020,42,,401
349,13,05/06/2021,05/07/2021,6/7/2021,32,,611
349,20,01/18/2020,01/19/2020,3/19/2020,46,,297
349,22,10/15/2020,10/16/2020,11/16/2020,21,,314
350,14,08/12/2020,08/13/2020,10/13/2020,43,,85
350,20,03/14/2020,03/15/2020,4/15/2020,37,,297
350,26,03/30/2021,03/31/2021,4/30/2021,48,,407
351,17,11/24/2020,11/25/2020,1/25/2021,17,,253
351,18,11/29/2020,11/30/2020,12/30/2020,34,,270
351,25,02/05/2020,02/06/2020,3/6/2020,39,,390
352,28,07/23/2020,07/24/2020,8/24/2020,21,,230
353,30,07/09/2020,07/10/2020,9/10/2020,42,,351
354,4,02/20/2021,02/21/2021,4/21/2021,27,,360
354,5,06/22/2020,06/23/2020,7/23/2020,41,,651
354,7,02/16/2021,02/17/2021,4/17/2021,24,,456
355,4,05/07/2021,05/08/2021,7/8/2021,5,,360
355,5,03/11/2020,03/12/2020,4/12/2020,33,,651
355,18,12/25/2020,12/26/2020,2/26/2021,48,,270
355,27,08/16/2020,08/17/2020,9/17/2020,24,,483
356,12,11/10/2020,11/11/2020,1/11/2021,9,,550
356,25,10/27/2020,10/28/2020,11/28/2020,19,,390
357,1,11/12/2020,11/13/2020,12/13/2020,6,,300
357,9,05/07/2021,05/08/2021,7/8/2021,15,,550
358,1,02/28/2020,02/29/2020,3/29/2020,44,,300
358,9,10/07/2020,10/08/2020,12/8/2020,11,,550
358,10,02/04/2020,02/05/2020,3/5/2020,30,,725
358,13,04/27/2021,04/28/2021,5/28/2021,32,,611
358,17,08/17/2020,08/18/2020,9/18/2020,42,,253
358,19,05/03/2021,05/04/2021,7/4/2021,48,,297
358,24,02/15/2021,02/16/2021,4/16/2021,7,,355
358,28,03/19/2020,03/20/2020,4/20/2020,12,,230
359,21,09/27/2020,09/28/2020,11/28/2020,34,,314
360,7,01/29/2020,01/30/2020,3/30/2020,37,,456
360,24,09/12/2020,09/13/2020,10/13/2020,46,,355
360,29,05/08/2021,05/09/2021,7/9/2021,11,,290
361,15,03/03/2021,03/04/2021,4/4/2021,18,,177
361,27,05/07/2020,05/08/2020,7/8/2020,28,,483
362,20,03/03/2020,03/04/2020,4/4/2020,46,,297
363,3,04/19/2021,04/20/2021,6/20/2021,37,,476
363,14,02/12/2020,02/13/2020,3/13/2020,15,,85
363,17,01/09/2021,01/10/2021,2/10/2021,9,,253
363,25,05/22/2021,05/23/2021,6/23/2021,20,,390
364,9,10/16/2020,10/17/2020,12/17/2020,11,,550
364,20,01/13/2020,01/14/2020,2/14/2020,35,,297
365,30,05/20/2020,05/21/2020,6/21/2020,16,,351
366,9,07/16/2020,07/17/2020,9/17/2020,5,,550
366,17,02/15/2021,02/16/2021,3/16/2021,35,,253
367,10,05/07/2020,05/08/2020,7/8/2020,28,,725
367,19,02/23/2020,02/24/2020,3/24/2020,27,,297
367,28,02/28/2020,02/29/2020,3/29/2020,6,,230
368,11,01/17/2020,01/18/2020,3/18/2020,27,,485
368,14,01/13/2020,01/14/2020,3/14/2020,45,,85
368,17,02/09/2020,02/10/2020,3/10/2020,24,,253
368,25,06/12/2020,06/13/2020,7/13/2020,50,,390
369,24,07/15/2020,07/16/2020,9/16/2020,21,,355
369,29,09/22/2020,09/23/2020,11/23/2020,9,,290
370,12,08/23/2020,08/24/2020,10/24/2020,17,,550
370,21,05/21/2021,05/22/2021,7/22/2021,17,,314
371,8,04/19/2021,04/20/2021,5/20/2021,34,,401
371,12,05/03/2021,05/04/2021,7/4/2021,48,,550
371,15,12/17/2020,12/18/2020,2/18/2021,38,,177
371,27,04/01/2021,04/02/2021,6/2/2021,18,,483
372,2,03/27/2020,03/28/2020,4/28/2020,11,,331
372,10,03/14/2021,03/15/2021,4/15/2021,13,,725
372,13,03/19/2020,03/20/2020,4/20/2020,29,,611
372,19,11/29/2020,11/30/2020,1/30/2021,49,,297
372,27,07/10/2020,07/11/2020,8/11/2020,12,,483
373,4,02/01/2020,02/02/2020,4/2/2020,39,03/02/2020,360
373,6,10/12/2020,10/13/2020,11/13/2020,2,,425
373,14,12/11/2020,12/12/2020,2/12/2021,24,,85
373,23,02/17/2020,02/18/2020,3/18/2020,34,,338
374,20,04/08/2020,04/09/2020,6/9/2020,40,5/9/2020,297
374,30,09/20/2020,09/21/2020,10/21/2020,26,,351
374,30,02/01/2020,02/02/2020,4/2/2020,7,,351
375,15,03/04/2021,03/05/2021,5/5/2021,49,,177
375,27,06/28/2020,06/29/2020,7/29/2020,8,,483
376,8,10/03/2020,10/04/2020,12/4/2020,38,,401
377,3,05/30/2021,05/31/2021,7/31/2021,28,,476
377,4,12/31/2020,1/1/2021,3/1/2021,7,,360
377,22,03/05/2021,03/06/2021,4/6/2021,41,,314
378,2,10/11/2020,10/12/2020,12/12/2020,4,,331
378,12,02/21/2020,02/22/2020,3/22/2020,15,,550
378,14,04/26/2021,04/27/2021,5/27/2021,33,,85
380,4,05/31/2021,06/01/2021,8/1/2021,35,,360
380,6,01/21/2020,01/22/2020,3/22/2020,42,,425
381,20,03/23/2020,03/24/2020,4/24/2020,7,,297
382,3,11/20/2020,11/21/2020,1/21/2021,43,,476
382,16,01/15/2020,01/16/2020,2/16/2020,13,,194
382,16,09/10/2020,09/11/2020,10/11/2020,8,,194
383,7,11/04/2020,11/05/2020,12/5/2020,17,,456
383,12,08/04/2020,08/05/2020,10/5/2020,36,,550
383,14,06/26/2020,06/27/2020,7/27/2020,23,,85
384,20,09/12/2020,09/13/2020,10/13/2020,2,,297
384,26,01/10/2021,01/11/2021,2/11/2021,12,,407
384,30,05/22/2021,05/23/2021,6/23/2021,5,,351
385,4,10/07/2020,10/08/2020,12/8/2020,30,,360
386,2,01/01/2021,01/02/2021,2/2/2021,8,,331
386,15,12/28/2020,12/29/2020,2/28/2021,22,,177
386,15,10/22/2020,10/23/2020,12/23/2020,36,,177
387,10,05/26/2021,05/27/2021,6/27/2021,9,,725
387,15,01/06/2020,01/07/2020,3/7/2020,43,,177
387,29,03/05/2020,03/06/2020,5/6/2020,32,,290
388,1,01/20/2021,01/21/2021,2/21/2021,17,,300
388,11,03/09/2021,03/10/2021,4/10/2021,7,,485
388,16,04/19/2020,04/20/2020,6/20/2020,30,,194
388,19,05/25/2020,05/26/2020,6/26/2020,14,,297
388,20,05/18/2021,05/19/2021,6/19/2021,26,,297
389,24,03/19/2020,03/20/2020,4/20/2020,34,,355
390,24,10/30/2020,10/31/2020,11/30/2020,16,,355
391,8,04/19/2020,04/20/2020,5/20/2020,28,,401
391,8,06/17/2020,06/18/2020,8/18/2020,5,,401
391,10,07/05/2020,07/06/2020,8/6/2020,41,,725
393,13,09/17/2020,09/18/2020,10/18/2020,6,,611
394,1,08/30/2020,08/31/2020,9/30/2020,50,,300
394,5,02/27/2021,02/28/2021,4/28/2021,50,,651
394,11,12/01/2020,12/02/2020,1/2/2021,49,,485
395,4,02/04/2021,02/05/2021,3/5/2021,50,,360
395,8,12/15/2020,12/16/2020,1/16/2021,12,,401
395,8,04/08/2021,04/09/2021,6/9/2021,44,,401
395,16,07/27/2020,07/28/2020,8/28/2020,24,,194
395,20,01/22/2021,01/23/2021,2/23/2021,36,,297
395,26,02/29/2020,03/01/2020,4/1/2020,23,,407
396,2,03/05/2021,03/06/2021,4/6/2021,18,,331
396,15,07/08/2020,07/09/2020,8/9/2020,4,,177
397,7,11/19/2020,11/20/2020,12/20/2020,34,,456
397,22,08/13/2020,08/14/2020,10/14/2020,19,,314
397,22,09/08/2020,09/09/2020,10/9/2020,25,,314
398,19,08/08/2020,08/09/2020,9/9/2020,27,,297
399,3,04/24/2021,04/25/2021,6/25/2021,45,,476
399,11,03/01/2021,03/02/2021,4/2/2021,30,,485
399,19,04/19/2021,04/20/2021,5/20/2021,26,,297
400,3,07/27/2020,07/28/2020,8/28/2020,49,,476
400,18,12/09/2020,12/10/2020,2/10/2021,7,,270
400,23,05/27/2021,05/28/2021,7/28/2021,25,,338
401,22,03/07/2021,03/08/2021,4/8/2021,12,,314
401,24,05/30/2020,05/31/2020,6/30/2020,35,,355
401,25,12/15/2020,12/16/2020,2/16/2021,34,,390
402,12,08/12/2020,08/13/2020,9/13/2020,20,,550
402,15,02/02/2020,02/03/2020,3/3/2020,36,,177
402,30,05/14/2020,05/15/2020,6/15/2020,16,,351
403,12,09/25/2020,09/26/2020,10/26/2020,22,,550
403,22,03/28/2021,03/29/2021,5/29/2021,37,,314
404,6,02/03/2021,02/04/2021,3/4/2021,17,,425
404,14,05/31/2021,06/01/2021,8/1/2021,27,,85
404,29,08/29/2020,08/30/2020,9/30/2020,4,,290
405,6,10/02/2020,10/03/2020,11/3/2020,47,,425
405,20,09/14/2020,09/15/2020,11/15/2020,14,,297
405,23,05/26/2021,05/27/2021,7/27/2021,44,,338
407,2,08/01/2020,08/02/2020,10/2/2020,11,,331
407,2,01/18/2020,01/19/2020,2/19/2020,41,,331
407,2,03/03/2021,03/04/2021,4/4/2021,3,,331
407,16,03/10/2020,03/11/2020,5/11/2020,45,,194
407,17,11/06/2020,11/07/2020,12/7/2020,14,,253
409,1,05/03/2021,05/04/2021,7/4/2021,29,,300
409,18,02/11/2021,02/12/2021,3/12/2021,36,,270
409,22,05/28/2020,05/29/2020,7/29/2020,33,,314
410,1,07/18/2020,07/19/2020,9/19/2020,22,,300
411,8,10/20/2020,10/21/2020,12/21/2020,7,,401
411,15,11/17/2020,11/18/2020,12/18/2020,4,,177
412,9,08/06/2020,08/07/2020,9/7/2020,19,,550
412,16,03/06/2020,03/07/2020,5/7/2020,21,,194
414,3,11/03/2020,11/04/2020,12/4/2020,45,,476
414,9,10/07/2020,10/08/2020,12/8/2020,16,,550
414,11,11/03/2020,11/04/2020,12/4/2020,21,,485
414,11,09/02/2020,09/03/2020,11/3/2020,31,,485
414,18,07/04/2020,07/05/2020,9/5/2020,5,,270
414,29,08/10/2020,08/11/2020,10/11/2020,43,,290
415,5,03/02/2021,03/03/2021,4/3/2021,22,,651
415,11,03/16/2020,03/17/2020,5/17/2020,14,04/15/2021,485
415,29,02/20/2021,02/21/2021,4/21/2021,22,,290
415,29,04/10/2021,04/11/2021,5/11/2021,20,,290
416,2,08/13/2020,08/14/2020,9/14/2020,40,,331
416,10,01/24/2020,01/25/2020,3/25/2020,43,,725
416,25,06/12/2020,06/13/2020,8/13/2020,18,,390
417,27,05/26/2021,05/27/2021,7/27/2021,38,,483
418,5,10/22/2020,10/23/2020,11/23/2020,45,,651
418,17,05/24/2020,05/25/2020,7/25/2020,28,,253
418,25,05/22/2020,05/23/2020,7/23/2020,47,,390
418,30,12/05/2020,12/06/2020,2/6/2021,49,,351
420,4,10/01/2020,10/02/2020,12/2/2020,27,,360
420,25,03/13/2021,03/14/2021,5/14/2021,46,,390
421,11,12/12/2020,12/13/2020,1/13/2021,16,,485
422,15,11/20/2020,11/21/2020,1/21/2021,23,,177
422,28,03/30/2020,03/31/2020,5/31/2020,46,,230
423,24,09/23/2020,09/24/2020,11/24/2020,7,,355
424,15,09/26/2020,09/27/2020,10/27/2020,39,,177
424,28,03/20/2020,03/21/2020,5/21/2020,38,,230
424,29,03/16/2020,03/17/2020,5/17/2020,5,,290
425,12,03/28/2021,03/29/2021,5/29/2021,1,,550
426,27,10/26/2020,10/27/2020,12/27/2020,19,,483
426,29,01/05/2021,01/06/2021,3/6/2021,45,,290
427,23,04/02/2021,04/03/2021,6/3/2021,25,,338
427,26,01/22/2021,01/23/2021,3/23/2021,16,,407
427,26,09/04/2020,09/05/2020,11/5/2020,5,,407
427,28,02/14/2020,02/15/2020,4/15/2020,14,,230
429,2,11/22/2020,11/23/2020,1/23/2021,4,,331
429,17,07/06/2020,07/07/2020,8/7/2020,20,,253
429,24,11/08/2020,11/09/2020,1/9/2021,21,,355
430,12,04/27/2021,04/28/2021,6/28/2021,35,,550
430,24,05/25/2020,05/26/2020,6/26/2020,20,,355
431,8,04/29/2020,04/30/2020,6/30/2020,31,,401
431,14,02/18/2020,02/19/2020,4/19/2020,5,,85
431,30,11/24/2020,11/25/2020,1/25/2021,1,,351
432,15,09/01/2020,09/02/2020,11/2/2020,13,,177
433,12,02/12/2020,02/13/2020,4/13/2020,37,,550
433,17,07/11/2020,07/12/2020,9/12/2020,40,,253
433,23,03/15/2021,03/16/2021,5/16/2021,46,,338
433,29,09/15/2020,09/16/2020,11/16/2020,41,,290
434,3,04/21/2020,04/22/2020,6/22/2020,12,,476
434,10,04/11/2020,04/12/2020,5/12/2020,15,,725
434,18,04/06/2021,04/07/2021,6/7/2021,31,,270
434,27,06/27/2020,06/28/2020,8/28/2020,24,,483
434,29,12/18/2020,12/19/2020,2/19/2021,46,,290
435,1,09/28/2020,09/29/2020,11/29/2020,44,,300
435,22,08/27/2020,08/28/2020,9/28/2020,19,,314
435,23,03/30/2020,03/31/2020,4/30/2020,11,,338
435,26,11/24/2020,11/25/2020,1/25/2021,37,,407
436,12,04/27/2020,04/28/2020,6/28/2020,14,,550
436,26,07/25/2020,07/26/2020,8/26/2020,24,,407
436,28,06/02/2020,06/03/2020,7/3/2020,29,,230
437,2,03/02/2020,03/03/2020,5/3/2020,35,,331
437,11,02/15/2020,02/16/2020,4/16/2020,19,,485
437,21,12/07/2020,12/08/2020,2/8/2021,5,,314
437,21,02/21/2021,02/22/2021,4/22/2021,16,,314
437,27,05/26/2021,05/27/2021,7/27/2021,35,,483
438,15,07/15/2020,07/16/2020,9/16/2020,9,,177
438,15,12/01/2020,12/02/2020,1/2/2021,28,,177
438,18,05/06/2021,05/07/2021,7/7/2021,40,,270
438,26,10/03/2020,10/04/2020,12/4/2020,16,,407
438,28,04/29/2021,04/30/2021,5/30/2021,37,,230
439,12,12/13/2020,12/14/2020,1/14/2021,34,,550
439,13,12/31/2020,1/1/2021,3/1/2021,45,,611
439,18,08/30/2020,08/31/2020,9/30/2020,33,,270
439,28,10/16/2020,10/17/2020,12/17/2020,14,,230
440,13,01/11/2021,01/12/2021,2/12/2021,40,,611
440,15,01/09/2021,01/10/2021,2/10/2021,39,,177
440,26,05/03/2021,05/04/2021,7/4/2021,13,,407
440,29,03/02/2021,03/03/2021,4/3/2021,48,,290
442,3,03/01/2021,03/02/2021,4/2/2021,14,,476
442,8,07/04/2020,07/05/2020,8/5/2020,8,,401
442,15,02/15/2021,02/16/2021,4/16/2021,8,,177
443,2,03/05/2020,03/06/2020,4/6/2020,7,,331
443,12,09/20/2020,09/21/2020,11/21/2020,50,,550
443,22,01/15/2020,01/16/2020,3/16/2020,1,,314
444,6,05/04/2021,05/05/2021,7/5/2021,21,,425
445,23,08/04/2020,08/05/2020,10/5/2020,17,,338
445,28,02/20/2020,02/21/2020,3/21/2020,43,,230
446,2,05/09/2021,05/10/2021,7/10/2021,33,,331
446,6,03/09/2020,03/10/2020,5/10/2020,1,,425
447,19,12/26/2020,12/27/2020,2/27/2021,13,,297
448,10,03/21/2020,03/22/2020,5/22/2020,35,,725
448,10,05/13/2020,05/14/2020,7/14/2020,47,,725
449,1,12/07/2020,12/08/2020,2/8/2021,24,,300
449,1,02/09/2021,02/10/2021,3/10/2021,34,,300
449,30,05/04/2021,05/05/2021,7/5/2021,43,,351
450,8,06/04/2020,06/05/2020,8/5/2020,1,,401
450,11,10/05/2020,10/06/2020,11/6/2020,5,,485
451,17,03/14/2020,03/15/2020,5/15/2020,9,,253
452,16,05/21/2021,05/22/2021,7/22/2021,17,,194
453,1,06/19/2020,06/20/2020,8/20/2020,30,,300
453,8,02/21/2020,02/22/2020,4/22/2020,22,,401
453,16,01/27/2021,01/28/2021,3/28/2021,18,,194
453,17,03/13/2021,03/14/2021,5/14/2021,13,,253
453,24,11/18/2020,11/19/2020,1/19/2021,4,,355
454,9,05/30/2021,05/31/2021,7/31/2021,5,,550
454,13,10/17/2020,10/18/2020,12/18/2020,29,10/01/2020,611
455,11,06/25/2020,06/26/2020,7/26/2020,6,,485
455,21,03/24/2020,03/25/2020,5/25/2020,23,,314
456,10,07/29/2020,07/30/2020,9/30/2020,20,,725
456,15,04/19/2020,04/20/2020,6/20/2020,27,,177
456,27,10/05/2020,10/06/2020,12/6/2020,37,,483
457,11,09/13/2020,09/14/2020,10/14/2020,7,,485
457,22,12/27/2020,12/28/2020,2/28/2021,6,,314
458,2,05/06/2020,05/07/2020,7/7/2020,35,,331
458,10,05/30/2021,05/31/2021,7/31/2021,1,,725
460,9,05/05/2021,05/06/2021,6/6/2021,5,,550
460,17,10/15/2020,10/16/2020,12/16/2020,2,,253
461,21,08/11/2020,08/12/2020,9/12/2020,32,,314
461,24,03/09/2020,03/10/2020,5/10/2020,30,,355
461,30,02/29/2020,03/01/2020,5/1/2020,18,,351
461,30,04/22/2020,04/23/2020,6/23/2020,17,,351
462,9,09/24/2020,09/25/2020,10/25/2020,11,,550
463,5,03/30/2021,03/31/2021,5/31/2021,48,,651
464,6,10/05/2020,10/06/2020,11/6/2020,3,,425
464,19,05/09/2020,05/10/2020,6/10/2020,28,,297
465,1,02/12/2021,02/13/2021,4/13/2021,9,,300
465,4,12/06/2020,12/07/2020,2/7/2021,24,,360
465,10,12/21/2020,12/22/2020,1/22/2021,24,,725
465,23,05/26/2020,05/27/2020,7/27/2020,30,,338
465,25,04/18/2021,04/19/2021,6/19/2021,11,05/18/2021,390
466,1,01/06/2021,01/07/2021,3/7/2021,8,,300
466,1,07/02/2020,07/03/2020,8/3/2020,13,,300
466,8,05/10/2020,05/11/2020,7/11/2020,40,,401
466,11,10/21/2020,10/22/2020,12/22/2020,22,,485
466,14,04/26/2020,04/27/2020,6/27/2020,42,,85
467,23,02/21/2021,02/22/2021,4/22/2021,33,,338
469,16,06/10/2020,06/11/2020,8/11/2020,46,,194
470,6,08/29/2020,08/30/2020,9/30/2020,10,,425
470,18,09/19/2020,09/20/2020,11/20/2020,4,,270
470,30,01/10/2021,01/11/2021,3/11/2021,26,,351
472,3,01/11/2020,01/12/2020,3/12/2020,48,,476
472,4,01/12/2021,01/13/2021,2/13/2021,1,,360
472,21,10/13/2020,10/14/2020,12/14/2020,18,,314
472,26,04/15/2021,04/16/2021,6/16/2021,45,,407
473,11,04/15/2020,04/16/2020,5/16/2020,26,,485
473,13,05/29/2020,05/30/2020,7/30/2020,2,,611
473,15,12/23/2020,12/24/2020,2/24/2021,26,,177
473,23,06/13/2020,06/14/2020,8/14/2020,9,,338
473,26,02/26/2021,02/27/2021,4/27/2021,12,,407
474,10,06/07/2020,06/08/2020,8/8/2020,16,,725
474,21,01/06/2021,01/07/2021,3/7/2021,49,,314
474,28,01/31/2021,02/01/2021,4/1/2021,8,,230
474,29,04/09/2020,04/10/2020,6/10/2020,23,,290
475,2,07/02/2020,07/03/2020,9/3/2020,17,,331
475,6,04/28/2021,04/29/2021,6/29/2021,45,,425
475,8,04/02/2020,04/03/2020,6/3/2020,41,,401
475,19,01/22/2021,01/23/2021,2/23/2021,49,,297
476,13,06/17/2020,06/18/2020,8/18/2020,31,,611
476,19,07/23/2020,07/24/2020,9/24/2020,38,,297
477,15,04/01/2021,04/02/2021,6/2/2021,27,,177
477,17,03/07/2020,03/08/2020,5/8/2020,3,,253
478,18,03/25/2021,03/26/2021,5/26/2021,38,,270
478,19,04/11/2020,04/12/2020,6/12/2020,24,,297
478,28,03/24/2020,03/25/2020,5/25/2020,40,,230
479,7,12/06/2020,12/07/2020,2/7/2021,20,,456
479,11,06/17/2020,06/18/2020,8/18/2020,18,,485
479,16,08/21/2020,08/22/2020,10/22/2020,30,,194
479,24,10/14/2020,10/15/2020,11/15/2020,1,,355
480,6,12/11/2020,12/12/2020,2/12/2021,48,,425
480,19,03/16/2020,03/17/2020,5/17/2020,2,,297
480,28,11/06/2020,11/07/2020,1/7/2021,18,,230
481,23,04/11/2021,04/12/2021,6/12/2021,38,,338
481,24,02/15/2020,02/16/2020,4/16/2020,48,,355
481,24,05/07/2020,05/08/2020,7/8/2020,25,,355
482,10,05/04/2021,05/05/2021,7/5/2021,19,,725
482,12,11/06/2020,11/07/2020,1/7/2021,16,,550
482,16,12/09/2020,12/10/2020,1/10/2021,9,,194
482,18,05/06/2020,05/07/2020,7/7/2020,46,,270
482,22,09/28/2020,09/29/2020,10/29/2020,23,,314
483,19,11/24/2020,11/25/2020,1/25/2021,27,,297
483,23,02/15/2020,02/16/2020,4/16/2020,45,,338
484,9,01/24/2021,01/25/2021,3/25/2021,17,,550
484,13,01/16/2020,01/17/2020,2/17/2020,19,,611
485,1,09/28/2020,09/29/2020,11/29/2020,11,,300
485,3,11/27/2020,11/28/2020,12/28/2020,39,,476
485,4,06/06/2020,06/07/2020,8/7/2020,16,,360
486,13,08/08/2020,08/09/2020,9/9/2020,27,,611
486,18,04/27/2020,04/28/2020,6/28/2020,5,,270
487,16,05/11/2020,05/12/2020,7/12/2020,30,,194
488,4,01/24/2020,01/25/2020,2/25/2020,4,,360
488,22,04/07/2020,04/08/2020,6/8/2020,36,,314
489,9,03/23/2021,03/24/2021,5/24/2021,21,,550
489,17,04/22/2021,04/23/2021,6/23/2021,43,,253
489,23,07/11/2020,07/12/2020,9/12/2020,10,,338
489,27,02/23/2021,02/24/2021,4/24/2021,18,,483
490,7,05/25/2021,05/26/2021,7/26/2021,18,,456
490,23,11/06/2020,11/07/2020,1/7/2021,25,,338
491,1,02/21/2021,02/22/2021,3/22/2021,49,,300
491,1,06/01/2020,06/02/2020,8/2/2020,15,,300
491,1,05/15/2021,05/16/2021,7/16/2021,18,,300
491,2,06/17/2020,06/18/2020,8/18/2020,41,,331
491,3,05/03/2021,05/04/2021,6/4/2021,1,,476
491,5,03/25/2020,03/26/2020,4/26/2020,18,,651
491,6,02/24/2020,02/25/2020,3/25/2020,10,,425
491,7,05/21/2021,05/22/2021,7/22/2021,6,,456
491,9,07/01/2020,07/02/2020,8/2/2020,2,,550
491,12,07/27/2020,07/28/2020,8/28/2020,26,,550
492,1,10/02/2020,10/03/2020,11/3/2020,5,,300
492,3,05/07/2021,05/08/2021,6/8/2021,31,,476
492,3,04/02/2020,04/03/2020,6/3/2020,50,,476
492,4,07/28/2020,07/29/2020,8/29/2020,17,,360
492,5,05/29/2020,05/30/2020,6/30/2020,38,,651
492,5,09/21/2020,09/22/2020,11/22/2020,12,,651
492,6,02/16/2020,02/17/2020,3/17/2020,10,,425
492,6,04/06/2021,04/07/2021,5/7/2021,39,,425
492,7,03/09/2021,03/10/2021,5/10/2021,49,,456
492,8,10/18/2020,10/19/2020,12/19/2020,45,11/25/2021,401
492,9,06/06/2020,06/07/2020,7/7/2020,12,,550
492,9,05/12/2020,05/13/2020,7/13/2020,9,,550
492,10,12/11/2020,12/12/2020,1/12/2021,3,,725
492,12,06/30/2020,07/01/2020,8/1/2020,10,,550
492,12,03/09/2020,03/10/2020,5/10/2020,47,,550
492,12,01/01/2021,01/02/2021,3/2/2021,20,,550
493,1,03/17/2021,03/18/2021,5/18/2021,20,,300
493,2,10/07/2020,10/08/2020,11/8/2020,28,,331
493,4,07/22/2020,07/23/2020,8/23/2020,28,,360
493,5,04/05/2021,04/06/2021,5/6/2021,32,,651
493,5,03/21/2021,03/22/2021,4/22/2021,19,,651
493,7,02/18/2020,02/19/2020,3/19/2020,2,,456
494,2,10/07/2020,10/08/2020,11/8/2020,25,,331
494,6,11/20/2020,11/21/2020,12/21/2020,29,,425
494,9,11/15/2020,11/16/2020,12/16/2020,16,,550
494,9,01/13/2021,01/14/2021,3/14/2021,4,,550
494,10,07/16/2020,07/17/2020,9/17/2020,38,,725
494,11,12/21/2020,12/22/2020,2/22/2021,25,,485
495,2,03/28/2021,03/29/2021,4/29/2021,1,,331
495,3,01/14/2020,01/15/2020,2/15/2020,35,,476
495,3,02/20/2020,02/21/2020,4/21/2020,7,,476
495,7,04/05/2021,04/06/2021,5/6/2021,23,,456
495,7,07/08/2020,07/09/2020,9/9/2020,8,,456
495,7,03/16/2020,03/17/2020,5/17/2020,28,,456
495,7,05/10/2021,05/11/2021,7/11/2021,13,,456
495,8,07/17/2020,07/18/2020,8/18/2020,44,,401
495,8,09/29/2020,09/30/2020,10/30/2020,22,,401
495,9,10/18/2020,10/19/2020,12/19/2020,45,,550
495,11,02/08/2020,02/09/2020,3/9/2020,12,,485
495,11,04/26/2020,04/27/2020,5/27/2020,29,,485
496,4,07/25/2020,07/26/2020,8/26/2020,12,,360
496,4,04/28/2020,04/29/2020,5/29/2020,21,,360
496,7,03/13/2021,03/14/2021,4/14/2021,44,,456
496,9,04/16/2020,04/17/2020,5/17/2020,17,,550
496,10,03/23/2021,03/24/2021,4/24/2021,35,,725
496,12,01/30/2021,01/31/2021,2/28/2021,3,,550
496,12,05/06/2021,05/07/2021,7/7/2021,50,,550
497,1,03/14/2020,03/15/2020,4/15/2020,3,,300
497,3,05/15/2021,05/16/2021,6/16/2021,44,,476
497,5,05/01/2020,05/02/2020,6/2/2020,8,,651
497,7,07/23/2020,07/24/2020,8/24/2020,33,,456
497,7,07/06/2020,07/07/2020,9/7/2020,9,08/06/2020,456
497,8,11/28/2020,11/29/2020,12/29/2020,43,,401
497,8,02/03/2020,02/04/2020,3/4/2020,23,,401
497,9,01/17/2020,01/18/2020,2/18/2020,13,01/18/2020,550
497,9,07/17/2020,07/18/2020,8/18/2020,18,,550
497,9,05/28/2020,05/29/2020,6/29/2020,36,,550
497,10,02/19/2021,02/20/2021,3/20/2021,30,,725
497,10,01/16/2021,01/17/2021,3/17/2021,14,,725
497,11,05/26/2020,05/27/2020,6/27/2020,45,,485
498,1,07/17/2020,07/18/2020,9/18/2020,37,,300
498,2,10/29/2020,10/30/2020,12/30/2020,29,,331
498,3,11/08/2020,11/09/2020,12/9/2020,24,,476
498,3,05/07/2020,05/08/2020,7/8/2020,30,,476
498,3,04/21/2020,04/22/2020,6/22/2020,5,,476
498,4,11/22/2020,11/23/2020,12/23/2020,29,,360
498,5,06/19/2020,06/20/2020,7/20/2020,31,,651
498,6,02/27/2020,02/28/2020,3/28/2020,46,,425
498,10,09/19/2020,09/20/2020,11/20/2020,10,,725
498,12,06/10/2020,06/11/2020,7/11/2020,16,,550
499,1,04/16/2020,04/17/2020,5/17/2020,7,,300
499,3,07/11/2020,07/12/2020,8/12/2020,33,,476
499,4,06/15/2020,06/16/2020,7/16/2020,28,,360
499,4,05/20/2020,05/21/2020,7/21/2020,47,,360
499,5,06/03/2020,06/04/2020,7/4/2020,6,,651
499,6,03/08/2020,03/09/2020,4/9/2020,46,,425
499,6,10/09/2020,10/10/2020,12/10/2020,35,,425
499,9,03/01/2021,03/02/2021,4/2/2021,24,,550
499,11,07/17/2020,07/18/2020,9/18/2020,43,,485
499,11,12/31/2020,1/1/2021,3/1/2021,26,,485
500,3,02/17/2021,02/18/2021,3/18/2021,23,,476
500,3,05/13/2020,05/14/2020,6/14/2020,17,,476
500,5,03/26/2021,03/27/2021,5/27/2021,12,,651
500,7,11/03/2020,11/04/2020,1/4/2021,18,,456
500,7,11/27/2020,11/28/2020,1/28/2021,6,,456
500,9,10/30/2020,10/31/2020,11/30/2020,32,,550
500,9,07/01/2020,07/02/2020,9/2/2020,1,,550
500,10,06/30/2020,07/01/2020,9/1/2020,29,,725
500,11,09/12/2020,09/13/2020,10/13/2020,28,,485
500,12,04/21/2020,04/22/2020,5/22/2020,14,,550