1,3,02/03/2021,489
2,5,04/13/2021,338
2,29,01/04/2021,259
3,27,03/17/2021,356
3,28,05/23/2021,470
4,11,09/25/2020,500
5,14,04/14/2020,262
5,14,05/07/2020,319
5,20,05/16/2020,445
5,26,05/22/2020,238
5,30,05/09/2020,322
7,4,11/09/2020,323
7,13,08/29/2020,484
7,14,08/08/2020,227
7,16,01/06/2020,280
7,17,08/30/2020,277
7,24,03/10/2021,342
9,3,05/17/2020,300
9,13,08/01/2020,210
10,8,05/18/2021,480
10,13,05/18/2021,382
11,17,08/15/2020,459
11,20,02/15/2021,352
13,10,01/30/2021,361
13,13,02/21/2020,417
13,27,02/03/2021,342
14,7,02/22/2020,343
14,12,06/07/2020,327
15,8,02/06/2021,240
15,14,05/19/2020,465
15,16,09/20/2020,350
15,27,05/31/2020,277
16,16,09/03/2020,225
16,20,03/21/2020,304
17,10,12/18/2020,360
17,14,03/06/2021,229
18,8,08/13/2020,399
18,10,02/24/2021,396
18,15,05/01/2021,422
19,29,05/22/2020,425
20,5,06/09/2020,204
21,11,01/20/2021,226
21,12,01/13/2021,305
21,19,10/09/2020,264
23,1,03/04/2020,475
23,11,01/19/2021,283
23,17,02/04/2021,407
23,21,08/14/2020,295
23,25,01/29/2020,459
24,29,02/11/2021,356
24,29,10/24/2020,402
25,9,03/16/2021,248
25,9,05/15/2021,272
25,28,07/20/2020,416
25,28,07/20/2020,462
26,23,08/30/2020,335
27,8,10/19/2020,419
27,9,1/1/2021,415
27,24,10/01/2020,489
27,26,06/02/2020,282
28,3,04/01/2021,220
28,6,08/20/2020,315
29,6,05/22/2020,427
29,10,09/14/2020,341
29,22,03/06/2021,330
30,6,02/22/2021,393
30,7,12/05/2020,288
30,20,02/20/2020,291
31,14,02/01/2020,283
31,22,01/22/2020,238
31,24,08/11/2020,325
31,29,01/17/2021,402
32,2,01/25/2020,242
32,2,01/16/2021,235
33,17,05/20/2021,222
33,17,08/31/2020,461
33,20,03/23/2021,215
33,28,01/03/2021,203
34,4,02/14/2020,246
34,11,01/12/2021,327
34,12,08/13/2020,338
34,22,05/01/2020,350
35,10,05/31/2021,487
35,24,11/03/2020,303
35,27,06/27/2020,262
36,3,05/17/2021,309
36,17,11/23/2020,379
36,19,08/30/2020,439
36,24,03/03/2021,206
37,3,01/24/2021,444
37,14,01/25/2021,356
38,6,02/19/2020,486
38,30,04/19/2021,229
39,7,05/09/2021,488
39,23,11/04/2020,485
39,29,01/28/2021,388
40,12,06/11/2020,451
40,17,03/24/2021,276
40,26,04/30/2021,388
40,30,05/28/2020,220
41,5,04/16/2021,366
41,14,04/07/2020,310
41,19,03/28/2020,329
41,21,12/24/2020,240
42,4,01/18/2021,484
42,20,02/26/2021,273
44,6,10/29/2020,339
44,14,07/23/2020,201
44,25,12/24/2020,335
44,25,04/11/2021,456
45,3,12/06/2020,216
45,6,01/30/2020,341
45,15,05/15/2020,252
45,27,04/21/2021,351
46,7,11/09/2020,407
46,18,04/03/2020,425
46,29,07/03/2020,476
47,20,05/07/2021,288
47,26,05/03/2020,282
48,21,04/10/2020,454
49,11,02/17/2021,211
49,12,03/14/2020,448
49,14,01/15/2021,278
49,16,08/17/2020,322
50,15,05/28/2020,267
51,10,04/27/2020,207
51,27,02/12/2021,256
52,12,02/25/2020,222
52,12,04/03/2021,203
53,1,05/27/2021,344
53,1,06/24/2020,429
53,20,01/17/2021,327
53,27,03/28/2021,457
54,9,03/30/2021,383
54,16,03/03/2020,288
54,16,10/26/2020,415
54,19,02/28/2020,439
54,23,06/26/2020,333
55,5,02/03/2021,314
55,15,03/24/2020,416
55,19,02/08/2020,316
56,21,03/20/2020,471
57,9,11/18/2020,200
58,8,12/25/2020,245
58,14,03/29/2021,287
59,20,10/10/2020,476
59,23,08/07/2020,450
60,12,04/24/2021,311
60,17,05/05/2021,227
60,28,03/22/2021,480
61,6,02/27/2021,315
61,14,04/06/2021,278
61,15,11/29/2020,304
61,17,02/16/2021,443
61,21,04/03/2021,461
61,25,03/22/2020,344
62,2,01/31/2020,319
62,11,02/03/2021,337
63,15,06/22/2020,471
63,26,02/05/2020,354
64,20,05/17/2021,376
67,3,01/12/2020,225
67,12,04/11/2021,259
67,13,08/03/2020,296
67,17,03/31/2020,402
68,2,02/29/2020,261
68,12,03/11/2020,209
68,14,04/19/2021,413
68,21,03/10/2020,431
69,1,05/28/2020,283
69,9,07/24/2020,472
69,15,02/28/2020,489
69,19,02/03/2020,480
70,21,12/21/2020,256
71,15,04/18/2020,223
72,13,02/16/2021,388
72,28,11/04/2020,379
73,4,02/16/2020,340
73,23,01/08/2021,427
74,5,02/23/2020,467
75,3,01/26/2020,331
75,25,01/07/2021,379
76,5,04/14/2021,383
76,9,04/05/2021,293
76,11,07/02/2020,460
76,27,06/03/2020,364
77,13,04/19/2020,480
77,29,12/18/2020,318
78,9,01/26/2020,282
78,14,01/04/2021,235
78,16,10/29/2020,263
78,18,05/23/2020,440
79,4,01/14/2020,310
79,12,10/29/2020,384
79,14,02/02/2020,224
79,27,05/03/2021,415
80,6,02/10/2021,324
80,16,11/10/2020,422
80,20,05/05/2021,387
80,25,01/25/2020,347
81,6,11/17/2020,495
81,14,08/11/2020,429
82,2,10/06/2020,441
82,3,07/09/2020,253
82,4,09/04/2020,445
82,11,10/10/2020,305
83,5,06/25/2020,309
83,21,02/01/2021,335
83,23,08/08/2020,440
84,13,02/15/2020,395
84,20,04/03/2020,447
84,27,08/21/2020,460
85,4,10/20/2020,373
85,19,04/27/2021,415
86,3,03/21/2021,321
86,21,02/22/2020,311
87,5,02/26/2020,292
87,11,11/1/2020,369
88,2,01/24/2021,370
88,13,11/21/2020,364
88,23,11/25/2020,259
90,14,07/01/2020,393
90,16,04/04/2021,373
91,1,06/27/2020,495
91,3,04/24/2020,464
91,12,04/13/2020,482
91,17,06/17/2020,476
91,19,03/22/2021,470
91,25,04/02/2021,341
91,30,03/15/2021,308
92,5,04/27/2021,413
92,15,01/09/2021,234
92,20,02/07/2020,253
92,20,07/30/2020,348
92,26,01/12/2020,276
93,2,12/30/2020,265
93,22,06/01/2021,367
94,20,07/13/2020,358
95,14,01/22/2021,399
96,2,05/21/2021,423
97,12,02/22/2020,253
97,12,11/27/2020,327
97,15,12/22/2020,242
97,20,04/02/2020,262
98,7,06/29/2020,271
98,11,12/29/2020,293
98,13,01/18/2021,446
98,18,09/20/2020,395
98,21,1/1/2021,471
100,11,07/28/2020,311
100,23,03/07/2020,280
100,24,02/04/2020,353
101,1,01/19/2021,333
101,10,02/16/2020,338
101,21,01/17/2021,401
102,1,03/23/2020,382
102,16,05/25/2020,235
102,25,10/24/2020,228
102,27,04/23/2021,334
103,9,01/31/2020,218
103,17,04/05/2020,354
104,14,01/15/2020,314
104,17,10/31/2020,357
104,30,01/13/2020,258
105,1,02/22/2020,370
105,6,02/22/2020,207
105,14,01/09/2021,449
105,17,08/03/2020,334
106,30,04/27/2021,446
108,6,01/22/2020,356
108,18,02/02/2021,364
108,22,09/05/2020,385
108,25,05/04/2020,339
109,1,03/17/2020,247
109,22,01/14/2021,389
110,2,02/26/2021,459
110,22,01/27/2021,406
110,27,04/06/2020,408
111,17,01/17/2021,374
111,27,08/31/2020,253
112,8,06/24/2020,308
112,10,02/02/2020,493
112,16,07/12/2020,498
112,17,05/15/2020,292
112,30,11/04/2020,417
113,16,02/25/2021,230
113,21,05/28/2021,353
113,29,12/06/2020,280
114,18,02/23/2020,378
114,25,03/23/2020,298
116,6,07/27/2020,448
116,20,11/13/2020,242
116,21,05/31/2021,217
116,30,11/02/2020,234
118,5,03/30/2020,231
119,4,12/09/2020,497
119,5,10/15/2020,473
119,6,02/14/2020,348
119,26,07/27/2020,417
120,18,11/21/2020,250
121,4,04/01/2021,211
121,10,12/05/2020,260
122,13,10/01/2020,376
122,21,11/19/2020,453
124,22,08/18/2020,202
124,23,06/25/2020,443
125,23,10/13/2020,289
126,3,01/31/2021,433
126,3,02/07/2020,314
126,7,12/19/2020,338
126,18,03/28/2021,319
126,24,12/28/2020,214
126,27,03/08/2021,225
126,30,09/08/2020,384
127,15,07/17/2020,362
127,29,01/09/2021,476
128,2,02/23/2021,473
128,5,04/23/2020,408
128,16,08/18/2020,457
129,11,03/10/2021,319
129,28,09/05/2020,379
130,8,02/12/2020,324
131,1,03/07/2021,215
131,5,05/11/2021,471
132,2,12/25/2020,278
132,25,08/02/2020,497
132,29,05/23/2020,418
133,8,08/10/2020,435
133,24,12/13/2020,457
133,29,02/07/2020,349
134,3,02/25/2020,269
134,22,10/23/2020,271
135,2,10/31/2020,283
135,15,04/04/2020,250
135,23,09/24/2020,464
135,24,11/27/2020,434
135,27,02/27/2020,250
136,10,02/16/2020,309
137,16,02/26/2020,434
139,3,02/04/2020,228
139,6,06/20/2020,484
140,4,07/30/2020,408
140,21,08/29/2020,361
141,18,08/04/2020,467
141,25,09/26/2020,386
141,26,05/19/2020,431
142,4,01/08/2020,238
142,18,03/06/2020,217
143,3,09/30/2020,214
143,23,05/22/2021,435
144,7,10/25/2020,449
144,8,06/12/2020,296
144,16,08/23/2020,417
144,26,01/16/2020,267
145,15,08/30/2020,381
145,18,03/09/2020,272
145,19,08/08/2020,497
146,8,02/10/2020,460
146,10,08/17/2020,383
146,10,11/02/2020,346
146,21,02/28/2020,361
146,24,11/04/2020,264
147,4,12/05/2020,340
147,14,12/11/2020,494
147,18,03/28/2020,311
147,20,08/09/2020,398
147,29,07/06/2020,439
148,10,05/01/2020,363
148,30,05/24/2020,492
149,18,07/05/2020,359
150,12,06/19/2020,242
150,24,03/25/2021,389
150,28,02/23/2021,292
151,19,11/24/2020,332
151,23,02/07/2020,397
151,28,05/08/2020,382
153,23,03/25/2021,314
154,14,06/22/2020,326
154,19,05/20/2021,280
154,29,03/13/2021,256
155,1,11/10/2020,375
155,15,12/31/2020,299
155,18,03/09/2021,442
155,28,03/12/2021,365
156,11,11/10/2020,394
156,11,07/24/2020,360
156,25,02/23/2020,315
156,29,05/01/2020,438
157,25,08/30/2020,230
157,27,02/01/2021,396
158,1,02/15/2020,458
158,19,04/15/2020,352
158,25,02/21/2020,316
158,30,08/23/2020,438
159,11,02/13/2020,305
159,12,06/09/2020,293
159,13,01/03/2020,276
159,23,09/26/2020,409
159,25,01/17/2020,500
160,3,04/13/2021,329
161,9,06/03/2020,200
161,12,01/05/2021,399
161,19,05/24/2020,471
161,22,02/13/2020,362
162,14,10/07/2020,247
162,27,05/20/2020,330
163,3,03/17/2021,458
163,8,03/29/2020,311
163,29,09/23/2020,382
164,3,04/26/2021,359
164,3,05/31/2021,456
164,25,06/10/2020,434
165,3,03/31/2020,460
166,22,02/16/2020,206
167,1,07/10/2020,362
167,2,01/13/2020,300
167,23,07/30/2020,244
168,6,12/14/2020,226
168,12,11/26/2020,458
169,23,11/16/2020,424
170,2,11/16/2020,210
170,14,02/01/2021,243
170,18,02/11/2020,399
170,18,10/16/2020,451
170,25,02/15/2020,275
170,26,02/09/2020,489
171,1,06/02/2021,453
171,4,02/17/2020,241
171,16,12/20/2020,387
172,5,11/12/2020,350
172,12,03/25/2020,407
173,9,05/10/2020,377
173,12,03/21/2021,366
174,1,05/27/2020,494
174,6,03/23/2021,302
174,10,05/03/2021,294
174,10,03/18/2021,387
174,18,04/07/2021,215
174,24,07/17/2020,206
175,28,12/06/2020,457
175,30,08/19/2020,371
176,5,12/22/2020,445
176,21,04/18/2020,352
177,8,03/03/2021,451
177,21,03/27/2020,468
177,21,12/18/2020,437
177,29,03/23/2021,370
177,30,02/08/2020,336
178,19,05/30/2021,316
179,7,02/19/2021,475
179,10,12/31/2020,349
179,17,06/01/2021,477
179,27,02/18/2021,376
181,5,02/07/2021,234
181,8,04/15/2021,420
181,15,03/18/2021,332
182,15,11/17/2020,411
182,16,06/17/2020,473
182,28,09/11/2020,317
183,7,01/19/2021,200
183,10,01/29/2021,432
183,12,09/04/2020,246
183,23,09/12/2020,238
184,13,08/24/2020,484
184,21,01/11/2021,209
184,22,04/27/2020,489
184,23,03/05/2020,205
184,26,09/04/2020,483
185,8,04/28/2021,256
185,12,05/22/2021,365
185,20,08/29/2020,312
185,23,03/21/2020,414
186,5,11/22/2020,215
186,19,07/21/2020,419
186,19,05/30/2021,262
186,22,12/08/2020,398
186,29,02/11/2020,286
187,4,08/17/2020,376
187,8,05/24/2021,443
188,9,02/24/2020,282
188,22,07/15/2020,328
189,8,08/02/2020,468
189,16,07/08/2020,322
190,1,03/02/2021,233
190,15,10/16/2020,495
191,16,08/16/2020,400
191,20,04/28/2020,202
193,9,03/26/2020,454
193,27,10/04/2020,394
194,5,11/02/2020,328
194,8,11/16/2020,411
195,14,04/11/2021,489
196,24,06/18/2020,417
196,27,03/05/2020,349
197,28,04/25/2021,315
198,30,10/27/2020,313
199,3,03/28/2021,381
199,17,08/05/2020,223
199,20,08/11/2020,375
199,29,05/15/2020,320
202,1,03/20/2021,467
202,13,05/04/2021,356
202,26,10/19/2020,292
203,9,12/26/2020,294
203,18,01/05/2020,208
203,28,05/11/2021,418
204,5,04/11/2021,234
204,13,04/22/2021,458
204,28,01/23/2021,370
204,30,05/21/2021,329
206,4,11/16/2020,347
206,9,08/25/2020,211
206,12,04/02/2020,202
207,10,09/06/2020,366
207,10,08/18/2020,285
207,12,05/02/2021,393
207,20,04/15/2020,251
207,21,05/10/2021,446
208,12,01/12/2021,382
208,27,07/12/2020,205
208,30,01/24/2020,240
209,20,07/09/2020,276
209,25,08/29/2020,404
210,21,03/05/2020,426
211,1,03/26/2020,379
211,12,04/19/2020,289
211,14,12/02/2020,307
211,28,02/19/2020,238
212,25,02/09/2020,225
213,26,01/08/2020,411
213,30,04/30/2020,443
214,2,04/02/2021,302
215,2,02/14/2021,422
215,6,04/21/2020,387
216,11,12/25/2020,335
216,12,04/30/2020,421
217,1,09/02/2020,400
217,9,10/29/2020,427
217,13,01/31/2021,409
218,2,04/21/2021,388
218,28,03/11/2020,382
219,9,05/17/2020,404
220,6,05/12/2021,272
220,10,11/26/2020,325
220,24,04/29/2021,373
222,19,02/11/2021,247
222,19,01/12/2021,365
223,17,07/13/2020,267
223,29,01/11/2021,318
224,8,10/18/2020,306
224,19,12/24/2020,201
225,5,11/26/2020,335
225,9,12/15/2020,345
225,19,04/15/2020,421
226,10,10/12/2020,403
226,21,05/03/2021,245
226,22,10/30/2020,267
227,1,01/26/2020,392
227,18,03/10/2021,205
227,29,02/21/2021,348
229,17,05/05/2020,234
229,29,03/03/2020,292
230,3,07/07/2020,463
230,5,04/29/2021,210
230,6,07/14/2020,321
230,20,05/29/2021,363
230,30,04/22/2020,498
231,8,08/06/2020,499
232,19,12/19/2020,350
234,14,05/07/2020,204
234,28,05/18/2020,215
235,15,09/06/2020,275
236,16,02/29/2020,322
237,2,05/25/2021,372
237,5,07/22/2020,352
237,7,02/18/2021,290
239,17,10/13/2020,365
239,24,01/18/2021,201
240,3,04/17/2020,435
240,7,01/30/2021,203
240,25,09/17/2020,495
240,26,12/30/2020,476
240,26,02/11/2021,348
241,27,11/24/2020,366
242,7,01/19/2021,374
243,18,10/31/2020,403
244,5,01/08/2021,488
244,28,05/01/2020,394
244,29,01/14/2021,206
245,9,06/16/2020,381
246,5,09/20/2020,481
246,10,08/21/2020,421
246,19,08/30/2020,360
247,17,08/23/2020,472
247,23,03/29/2021,474
248,5,08/15/2020,382
250,8,08/08/2020,241
250,13,04/02/2021,266
250,15,06/24/2020,276
250,23,09/19/2020,359
251,7,05/27/2020,478
251,10,05/02/2020,485
251,27,06/09/2020,365
252,5,03/13/2021,465
253,10,08/13/2020,223
253,28,03/18/2021,201
253,28,04/28/2020,248
254,12,12/05/2020,460
254,21,03/31/2021,455
255,18,06/02/2021,497
255,25,07/05/2020,309
256,2,03/18/2021,482
256,7,05/08/2021,323
256,20,09/21/2020,308
256,22,07/08/2020,464
256,23,09/24/2020,271
257,1,04/19/2021,348
257,8,02/18/2021,342
258,11,05/28/2020,332
258,23,04/18/2020,292
259,7,09/12/2020,229
259,10,06/02/2021,247
259,29,02/13/2020,205
260,18,08/02/2020,275
260,24,01/02/2020,209
261,10,02/20/2021,419
261,10,02/14/2021,441
261,11,10/03/2020,335
261,17,05/20/2021,490
261,19,03/07/2020,294
262,3,03/26/2021,353
262,5,05/11/2020,485
262,14,07/27/2020,467
262,20,05/15/2020,352
262,27,03/24/2021,396
262,28,10/01/2020,365
264,21,04/26/2020,225
265,2,10/01/2020,365
266,3,04/11/2020,321
266,13,03/16/2020,454
266,28,05/17/2020,402
267,15,01/30/2021,327
268,4,07/03/2020,326
268,10,10/11/2020,291
268,17,04/16/2020,382
269,8,08/19/2020,299
269,19,08/13/2020,326
269,30,08/25/2020,437
270,3,08/08/2020,287
271,6,02/01/2021,350
271,23,02/16/2021,399
272,12,06/16/2020,483
272,14,01/06/2021,393
274,1,06/04/2020,294
274,11,01/31/2021,360
274,18,02/20/2021,202
274,19,04/14/2020,219
275,6,01/14/2021,256
275,9,05/29/2020,259
275,17,04/27/2021,492
275,18,01/10/2021,233
275,20,02/08/2020,476
275,25,05/06/2021,216
276,16,08/27/2020,498
276,18,03/06/2020,458
276,23,06/02/2020,390
277,2,12/06/2020,207
277,9,10/27/2020,329
278,4,02/21/2021,418
278,29,05/08/2020,431
279,16,04/27/2020,468
279,19,08/08/2020,230
279,21,10/24/2020,355
280,5,03/23/2021,230
281,1,01/03/2021,491
282,1,05/21/2020,378
282,14,10/17/2020,353
284,3,02/08/2021,234
284,19,09/06/2020,207
284,27,03/29/2021,493
285,4,08/09/2020,243
285,8,03/01/2020,415
285,10,01/03/2021,205
285,16,03/25/2020,341
285,25,01/20/2020,355
285,26,10/22/2020,364
286,22,07/07/2020,312
286,26,11/1/2020,261
287,14,09/06/2020,498
287,15,01/08/2021,208
287,15,06/14/2020,448
287,28,07/17/2020,354
288,12,04/02/2020,404
288,13,03/04/2021,363
288,26,02/09/2021,359
289,3,02/13/2021,438
289,24,08/09/2020,209
290,6,05/15/2020,208
290,16,01/06/2020,470
290,24,02/07/2021,308
292,9,08/31/2020,472
292,21,01/05/2020,414
293,5,02/27/2020,235
293,23,05/25/2021,321
293,26,04/26/2020,336
294,3,08/20/2020,379
294,7,04/20/2020,300
294,11,10/02/2020,370
294,17,08/29/2020,461
295,7,01/17/2020,425
295,16,05/31/2020,414
295,28,08/28/2020,323
296,16,04/13/2020,395
296,21,01/16/2020,367
297,9,07/27/2020,265
297,11,05/30/2020,377
297,22,04/16/2021,243
297,28,03/22/2020,333
297,29,01/30/2020,363
298,30,09/28/2020,260
300,12,09/13/2020,344
301,21,03/03/2021,442
301,21,11/17/2020,210
302,1,08/18/2020,371
302,16,06/27/2020,373
302,20,08/28/2020,299
302,20,07/17/2020,347
304,6,04/10/2020,304
304,10,09/14/2020,443
305,14,08/13/2020,243
305,15,05/04/2021,400
305,25,02/08/2020,383
306,1,04/04/2021,228
306,7,01/08/2021,419
306,20,05/30/2021,214
307,13,02/13/2020,349
307,18,01/22/2020,395
308,3,07/08/2020,454
308,14,12/28/2020,446
308,26,02/04/2021,370
308,30,10/10/2020,292
309,13,12/20/2020,303
310,14,07/07/2020,285
310,24,09/24/2020,246
311,1,06/18/2020,328
311,6,08/30/2020,216
311,25,04/12/2021,211
312,10,02/17/2020,393
312,21,05/07/2020,386
312,25,04/04/2020,385
313,11,01/20/2020,482
313,20,08/05/2020,407
314,1,02/20/2021,243
314,9,01/15/2021,362
314,11,02/27/2020,370
314,19,02/21/2021,273
315,1,09/23/2020,414
316,5,04/27/2020,354
316,13,02/23/2020,268
317,2,01/19/2021,274
317,4,07/13/2020,346
317,24,08/29/2020,331
317,25,09/23/2020,417
317,28,05/11/2021,468
318,10,01/15/2020,380
318,24,01/16/2020,344
318,24,01/16/2021,202
318,29,03/01/2020,313
319,5,03/24/2020,244
319,12,02/06/2021,486
320,12,02/17/2021,387
320,22,01/21/2020,238
320,24,02/12/2021,386
321,16,10/07/2020,408
322,19,04/17/2021,286
322,25,06/02/2020,375
323,3,03/15/2020,486
323,5,03/03/2020,263
323,24,05/05/2020,286
323,26,12/28/2020,433
324,13,07/10/2020,223
324,29,02/12/2021,454
325,1,04/23/2020,303
325,13,03/03/2021,236
325,25,12/1/2020,339
325,26,09/06/2020,403
326,9,09/15/2020,380
326,10,12/19/2020,486
326,13,04/30/2020,323
326,16,04/15/2020,244
326,17,11/19/2020,455
327,16,11/20/2020,405
328,13,11/28/2020,270
328,21,07/16/2020,459
328,28,01/04/2020,379
330,2,01/20/2020,388
330,12,02/18/2020,212
330,15,03/18/2021,268
330,19,10/10/2020,442
330,30,06/08/2020,457
331,3,03/29/2020,469
331,7,02/24/2021,276
331,28,12/25/2020,497
331,30,11/29/2020,435
332,12,12/16/2020,298
332,21,09/03/2020,231
332,28,01/06/2021,264
332,29,08/22/2020,350
333,16,01/19/2020,392
334,3,04/14/2020,390
334,21,05/23/2020,210
335,2,12/21/2020,298
335,13,03/31/2021,294
335,22,01/31/2020,352
335,28,04/07/2021,409
336,3,01/07/2020,309
337,9,02/01/2021,473
339,17,03/04/2020,282
340,13,04/23/2020,218
341,20,03/11/2021,308
341,25,03/27/2020,230
342,10,05/13/2021,224
342,29,04/27/2021,374
343,2,10/20/2020,397
343,3,06/19/2020,292
343,9,04/05/2020,393
343,9,01/11/2020,281
343,23,01/02/2021,342
344,5,02/15/2021,230
345,3,02/24/2021,309
345,5,03/09/2020,239
345,17,10/13/2020,307
346,4,01/08/2020,200
346,12,09/17/2020,388
346,21,06/01/2020,393
346,28,06/13/2020,244
347,1,05/12/2020,350
347,2,04/24/2021,355
347,29,07/01/2020,479
348,3,03/20/2020,347
348,13,06/25/2020,255
348,25,12/03/2020,320
349,8,09/02/2020,226
349,13,05/07/2021,338
349,20,01/19/2020,394
349,22,10/16/2020,264
350,14,08/13/2020,378
350,20,03/15/2020,395
350,26,03/31/2021,309
351,17,11/25/2020,327
351,18,11/30/2020,241
351,25,02/06/2020,386
352,28,07/24/2020,273
353,30,07/10/2020,251
354,4,02/21/2021,308
354,5,06/23/2020,345
354,7,02/17/2021,347
355,4,05/08/2021,274
355,5,03/12/2020,441
355,18,12/26/2020,224
355,27,08/17/2020,356
356,12,11/11/2020,260
356,25,10/28/2020,254
357,1,11/13/2020,486
357,9,05/08/2021,282
358,1,02/29/2020,217
358,9,10/08/2020,331
358,10,02/05/2020,277
358,13,04/28/2021,437
358,17,08/18/2020,446
358,19,05/04/2021,315
358,24,02/16/2021,359
358,28,03/20/2020,247
359,21,09/28/2020,256
360,7,01/30/2020,417
360,24,09/13/2020,218
360,29,05/09/2021,213
361,15,03/04/2021,418
361,27,05/08/2020,215
362,20,03/04/2020,417
363,3,04/20/2021,428
363,14,02/13/2020,488
363,17,01/10/2021,224
363,25,05/23/2021,438
364,9,10/17/2020,354
364,20,01/14/2020,423
365,30,05/21/2020,392
366,9,07/17/2020,358
366,17,02/16/2021,449
367,10,05/08/2020,396
367,19,02/24/2020,254
367,28,02/29/2020,232
368,11,01/18/2020,300
368,14,01/14/2020,500
368,17,02/10/2020,363
368,25,06/13/2020,400
369,24,07/16/2020,499
369,29,09/23/2020,339
370,12,08/24/2020,285
370,21,05/22/2021,240
371,8,04/20/2021,425
371,12,05/04/2021,340
371,15,12/18/2020,367
371,27,04/02/2021,456
372,2,03/28/2020,446
372,10,03/15/2021,397
372,13,03/20/2020,396
372,19,11/30/2020,466
372,27,07/11/2020,345
373,4,02/02/2020,236
373,6,10/13/2020,353
373,14,12/12/2020,284
373,23,02/18/2020,494
374,20,04/09/2020,316
374,30,09/21/2020,274
374,30,02/02/2020,371
375,15,03/05/2021,268
375,27,06/29/2020,298
376,8,10/04/2020,341
377,3,05/31/2021,249
377,4,1/1/2021,376
377,22,03/06/2021,457
378,2,10/12/2020,323
378,12,02/22/2020,350
378,14,04/27/2021,310
380,4,06/01/2021,272
380,6,01/22/2020,298
381,20,03/24/2020,211
382,3,11/21/2020,482
382,16,01/16/2020,420
382,16,09/11/2020,292
383,7,11/05/2020,389
383,12,08/05/2020,315
383,14,06/27/2020,291
384,20,09/13/2020,395
384,26,01/11/2021,217
384,30,05/23/2021,268
385,4,10/08/2020,218
386,2,01/02/2021,281
386,15,12/29/2020,482
386,15,10/23/2020,373
387,10,05/27/2021,254
387,15,01/07/2020,229
387,29,03/06/2020,392
388,1,01/21/2021,203
388,11,03/10/2021,220
388,16,04/20/2020,315
388,19,05/26/2020,268
388,20,05/19/2021,210
389,24,03/20/2020,388
390,24,10/31/2020,444
391,8,04/20/2020,216
391,8,06/18/2020,336
391,10,07/06/2020,380
393,13,09/18/2020,466
394,1,08/31/2020,498
394,5,02/28/2021,496
394,11,12/02/2020,252
395,4,02/05/2021,366
395,8,12/16/2020,467
395,8,04/09/2021,396
395,16,07/28/2020,218
395,20,01/23/2021,278
395,26,03/01/2020,346
396,2,03/06/2021,488
396,15,07/09/2020,406
397,7,11/20/2020,359
397,22,08/14/2020,341
397,22,09/09/2020,372
398,19,08/09/2020,242
399,3,04/25/2021,234
399,11,03/02/2021,238
399,19,04/20/2021,330
400,3,07/28/2020,219
400,18,12/10/2020,242
400,23,05/28/2021,395
401,22,03/08/2021,302
401,24,05/31/2020,402
401,25,12/16/2020,250
402,12,08/13/2020,445
402,15,02/03/2020,450
402,30,05/15/2020,417
403,12,09/26/2020,235
403,22,03/29/2021,378
404,6,02/04/2021,200
404,14,06/01/2021,318
404,29,08/30/2020,491
405,6,10/03/2020,464
405,20,09/15/2020,220
405,23,05/27/2021,379
407,2,08/02/2020,438
407,2,01/19/2020,320
407,2,03/04/2021,494
407,16,03/11/2020,353
407,17,11/07/2020,258
409,1,05/04/2021,406
409,18,02/12/2021,216
409,22,05/29/2020,440
410,1,07/19/2020,331
411,8,10/21/2020,424
411,15,11/18/2020,425
412,9,08/07/2020,272
412,16,03/07/2020,380
414,3,11/04/2020,244
414,9,10/08/2020,435
414,11,11/04/2020,262
414,11,09/03/2020,475
414,18,07/05/2020,467
414,29,08/11/2020,381
415,5,03/03/2021,455
415,11,03/17/2020,200
415,29,02/21/2021,391
415,29,04/11/2021,487
416,2,08/14/2020,368
416,10,01/25/2020,243
416,25,06/13/2020,400
417,27,05/27/2021,325
418,5,10/23/2020,429
418,17,05/25/2020,461
418,25,05/23/2020,211
418,30,12/06/2020,285
420,4,10/02/2020,463
420,25,03/14/2021,210
421,11,12/13/2020,318
422,15,11/21/2020,445
422,28,03/31/2020,442
423,24,09/24/2020,312
424,15,09/27/2020,203
424,28,03/21/2020,461
424,29,03/17/2020,281
425,12,03/29/2021,474
426,27,10/27/2020,424
426,29,01/06/2021,262
427,23,04/03/2021,405
427,26,01/23/2021,498
427,26,09/05/2020,387
427,28,02/15/2020,300
429,2,11/23/2020,344
429,17,07/07/2020,399
429,24,11/09/2020,219
430,12,04/28/2021,345
430,24,05/26/2020,252
431,8,04/30/2020,215
431,14,02/19/2020,476
431,30,11/25/2020,382
432,15,09/02/2020,396
433,12,02/13/2020,209
433,17,07/12/2020,389
433,23,03/16/2021,331
433,29,09/16/2020,420
434,3,04/22/2020,418
434,10,04/12/2020,258
434,18,04/07/2021,366
434,27,06/28/2020,270
434,29,12/19/2020,449
435,1,09/29/2020,464
435,22,08/28/2020,252
435,23,03/31/2020,327
435,26,11/25/2020,330
436,12,04/28/2020,468
436,26,07/26/2020,435
436,28,06/03/2020,200
437,2,03/03/2020,204
437,11,02/16/2020,389
437,21,12/08/2020,211
437,21,02/22/2021,320
437,27,05/27/2021,394
438,15,07/16/2020,349
438,15,12/02/2020,322
438,18,05/07/2021,380
438,26,10/04/2020,452
438,28,04/30/2021,408
439,12,12/14/2020,461
439,13,1/1/2021,304
439,18,08/31/2020,360
439,28,10/17/2020,441
440,13,01/12/2021,362
440,15,01/10/2021,221
440,26,05/04/2021,382
440,29,03/03/2021,361
442,3,03/02/2021,376
442,8,07/05/2020,382
442,15,02/16/2021,492
443,2,03/06/2020,327
443,12,09/21/2020,441
443,22,01/16/2020,287
444,6,05/05/2021,404
445,23,08/05/2020,461
445,28,02/21/2020,325
446,2,05/10/2021,467
446,6,03/10/2020,442
447,19,12/27/2020,342
448,10,03/22/2020,245
448,10,05/14/2020,283
449,1,12/08/2020,426
449,1,02/10/2021,268
449,30,05/05/2021,292
450,8,06/05/2020,441
450,11,10/06/2020,340
451,17,03/15/2020,406
452,16,05/22/2021,439
453,1,06/20/2020,434
453,8,02/22/2020,393
453,16,01/28/2021,208
453,17,03/14/2021,273
453,24,11/19/2020,384
454,9,05/31/2021,276
454,13,10/18/2020,356
455,11,06/26/2020,496
455,21,03/25/2020,395
456,10,07/30/2020,496
456,15,04/20/2020,394
456,27,10/06/2020,384
457,11,09/14/2020,484
457,22,12/28/2020,476
458,2,05/07/2020,484
458,10,05/31/2021,489
460,9,05/06/2021,452
460,17,10/16/2020,396
461,21,08/12/2020,320
461,24,03/10/2020,443
461,30,03/01/2020,303
461,30,04/23/2020,313
462,9,09/25/2020,482
463,5,03/31/2021,311
464,6,10/06/2020,229
464,19,05/10/2020,437
465,1,02/13/2021,392
465,4,12/07/2020,390
465,10,12/22/2020,474
465,23,05/27/2020,396
465,25,04/19/2021,486
466,1,01/07/2021,463
466,1,07/03/2020,393
466,8,05/11/2020,425
466,11,10/22/2020,270
466,14,04/27/2020,300
467,23,02/22/2021,338
469,16,06/11/2020,323
470,6,08/30/2020,459
470,18,09/20/2020,449
470,30,01/11/2021,335
472,3,01/12/2020,310
472,4,01/13/2021,238
472,21,10/14/2020,269
472,26,04/16/2021,447
473,11,04/16/2020,393
473,13,05/30/2020,234
473,15,12/24/2020,262
473,23,06/14/2020,463
473,26,02/27/2021,287
474,10,06/08/2020,457
474,21,01/07/2021,281
474,28,02/01/2021,306
474,29,04/10/2020,322
475,2,07/03/2020,231
475,6,04/29/2021,254
475,8,04/03/2020,433
475,19,01/23/2021,314
476,13,06/18/2020,235
476,19,07/24/2020,213
477,15,04/02/2021,422
477,17,03/08/2020,400
478,18,03/26/2021,219
478,19,04/12/2020,496
478,28,03/25/2020,314
479,7,12/07/2020,301
479,11,06/18/2020,439
479,16,08/22/2020,206
479,24,10/15/2020,367
480,6,12/12/2020,384
480,19,03/17/2020,464
480,28,11/07/2020,213
481,23,04/12/2021,350
481,24,02/16/2020,233
481,24,05/08/2020,222
482,10,05/05/2021,213
482,12,11/07/2020,299
482,16,12/10/2020,214
482,18,05/07/2020,409
482,22,09/29/2020,334
483,19,11/25/2020,463
483,23,02/16/2020,419
484,9,01/25/2021,351
484,13,01/17/2020,327
485,1,09/29/2020,498
485,3,11/28/2020,405
485,4,06/07/2020,274
486,13,08/09/2020,264
486,18,04/28/2020,437
487,16,05/12/2020,373
488,4,01/25/2020,244
488,22,04/08/2020,216
489,9,03/24/2021,470
489,17,04/23/2021,336
489,23,07/12/2020,250
489,27,02/24/2021,213
490,7,05/26/2021,245
490,23,11/07/2020,303
491,1,02/22/2021,260
491,1,06/02/2020,344
491,1,05/16/2021,482
491,2,06/18/2020,257
491,3,05/04/2021,448
491,5,03/26/2020,317
491,6,02/25/2020,424
491,7,05/22/2021,221
491,9,07/02/2020,416
491,12,07/28/2020,442
492,1,10/03/2020,300
492,3,05/08/2021,275
492,3,04/03/2020,316
492,4,07/29/2020,221
492,5,05/30/2020,305
492,5,09/22/2020,222
492,6,02/17/2020,286
492,6,04/07/2021,454
492,7,03/10/2021,236
492,8,10/19/2020,488
492,9,06/07/2020,249
492,9,05/13/2020,446
492,10,12/12/2020,460
492,12,07/01/2020,401
492,12,03/10/2020,449
492,12,01/02/2021,498
493,1,03/18/2021,348
493,2,10/08/2020,483
493,4,07/23/2020,335
493,5,04/06/2021,324
493,5,03/22/2021,424
493,7,02/19/2020,490
494,2,10/08/2020,462
494,6,11/21/2020,373
494,9,11/16/2020,337
494,9,01/14/2021,417
494,10,07/17/2020,315
494,11,12/22/2020,292
495,2,03/29/2021,286
495,3,01/15/2020,246
495,3,02/21/2020,479
495,7,04/06/2021,448
495,7,07/09/2020,338
495,7,03/17/2020,248
495,7,05/11/2021,373
495,8,07/18/2020,482
495,8,09/30/2020,379
495,9,10/19/2020,217
495,11,02/09/2020,466
495,11,04/27/2020,384
496,4,07/26/2020,496
496,4,04/29/2020,377
496,7,03/14/2021,357
496,9,04/17/2020,228
496,10,03/24/2021,300
496,12,01/31/2021,467
496,12,05/07/2021,345
497,1,03/15/2020,380
497,3,05/16/2021,272
497,5,05/02/2020,423
497,7,07/24/2020,203
497,7,07/07/2020,203
497,8,11/29/2020,347
497,8,02/04/2020,328
497,9,01/18/2020,294
497,9,07/18/2020,360
497,9,05/29/2020,334
497,10,02/20/2021,450
497,10,01/17/2021,231
497,11,05/27/2020,238
498,1,07/18/2020,449
498,2,10/30/2020,242
498,3,11/09/2020,481
498,3,05/08/2020,421
498,3,04/22/2020,307
498,4,11/23/2020,304
498,5,06/20/2020,312
498,6,02/28/2020,389
498,10,09/20/2020,427
498,12,06/11/2020,471
499,1,04/17/2020,200
499,3,07/12/2020,217
499,4,06/16/2020,203
499,4,05/21/2020,342
499,5,06/04/2020,330
499,6,03/09/2020,262
499,6,10/10/2020,414
499,9,03/02/2021,301
499,11,07/18/2020,352
499,11,1/1/2021,460
500,3,02/18/2021,455
500,3,05/14/2020,246
500,5,03/27/2021,206
500,7,11/04/2020,409
500,7,11/28/2020,321
500,9,10/31/2020,496
500,9,07/02/2020,370
500,10,07/01/2020,442
500,11,09/13/2020,406
500,12,04/22/2020,266